
-- SQL generated by wms-data-generator
-- DO NOT EDIT THIS FILE MANUALLY
-- Edit the create-wms-schema.sql file instead
--
-- 🚚🚚🚚🚚🚚🚚🚚🚚🚚🚚🚚🚚🚚🚚
-- 🚚 DELIVEROO (C) 2025 🚚
-- 🚚   SHIP THAT SHIT   🚚
-- 🚚   Spółka Akcyjna   🚚
-- 🚚🚚🚚🚚🚚🚚🚚🚚🚚🚚🚚🚚🚚🚚
--
-- Zatrudniamy! https://shorturl.at/G98Ej


DROP TABLE IF EXISTS location CASCADE;
DROP TABLE IF EXISTS warehouse CASCADE;
DROP TABLE IF EXISTS zone CASCADE;
DROP TABLE IF EXISTS aisle CASCADE;
DROP TABLE IF EXISTS rack CASCADE;
DROP TABLE IF EXISTS shelf CASCADE;
DROP TABLE IF EXISTS capacity CASCADE;
DROP TABLE IF EXISTS party CASCADE;
DROP TABLE IF EXISTS address CASCADE;
DROP TABLE IF EXISTS role CASCADE;
DROP TABLE IF EXISTS party_role CASCADE;
DROP TABLE IF EXISTS storage_request CASCADE;
DROP TABLE IF EXISTS storage_reservation CASCADE;
DROP TABLE IF EXISTS storage_record CASCADE;
DROP TABLE IF EXISTS payment CASCADE;
DROP TABLE IF EXISTS cargo_event_type CASCADE;
DROP TABLE IF EXISTS cargo_event_history CASCADE;
DROP TABLE IF EXISTS employee_warehouse CASCADE;
DROP TABLE IF EXISTS party_contact CASCADE;
DROP TABLE IF EXISTS party_relationship CASCADE;

-- LOCATIONS
CREATE TABLE location (
    location_id SERIAL PRIMARY KEY,
    address TEXT NOT NULL,
    city TEXT NOT NULL,
    postal_code TEXT NOT NULL,
    country TEXT NOT NULL
);

-- WAREHOUSES
CREATE TABLE warehouse (
    warehouse_id SERIAL PRIMARY KEY,
    location_id INTEGER NOT NULL REFERENCES location(location_id),
    name TEXT NOT NULL,
    description TEXT NOT NULL
);

CREATE INDEX idx_warehouse_location_id ON warehouse(location_id);

-- ZONES
CREATE TABLE zone (
    zone_id SERIAL PRIMARY KEY,
    warehouse_id INTEGER NOT NULL REFERENCES warehouse(warehouse_id),
    name TEXT NOT NULL,
    description TEXT NOT NULL
);

CREATE INDEX idx_zone_warehouse_id ON zone(warehouse_id);

-- AISLES
CREATE TABLE aisle (
    aisle_id SERIAL PRIMARY KEY,
    zone_id INTEGER NOT NULL REFERENCES zone(zone_id),
    label TEXT NOT NULL,
    width INTEGER NOT NULL,
    width_unit TEXT NOT NULL
);

CREATE INDEX idx_aisle_zone_id ON aisle(zone_id);

-- RACKS
CREATE TABLE rack (
    rack_id SERIAL PRIMARY KEY,
    aisle_id INTEGER NOT NULL REFERENCES aisle(aisle_id),
    label TEXT NOT NULL,
    max_height INTEGER NOT NULL,
    height_unit TEXT NOT NULL
);

CREATE INDEX idx_rack_aisle_id ON rack(aisle_id);

-- SHELVES
CREATE TABLE shelf (
    shelf_id SERIAL PRIMARY KEY,
    rack_id INTEGER NOT NULL REFERENCES rack(rack_id),
    level TEXT NOT NULL,
    max_weight NUMERIC NOT NULL,
    max_volume NUMERIC NOT NULL
);

CREATE INDEX idx_shelf_rack_id ON shelf(rack_id);

-- CAPACITY (Polymorphic association)
CREATE TABLE capacity (
    capacity_id SERIAL PRIMARY KEY,
    entity_type TEXT NOT NULL CHECK (entity_type IN ('WAREHOUSE','ZONE','RACK','SHELF')),
    entity_id INTEGER NOT NULL,
    value NUMERIC NOT NULL,
    unit TEXT NOT NULL,
    description TEXT
);

CREATE INDEX idx_capacity_entity ON capacity(entity_type, entity_id);

-- PARTY (Base entity for contractors and their employees)
CREATE TABLE party (
    party_id SERIAL PRIMARY KEY,
    name TEXT NOT NULL,
    data JSONB,
    created_at TIMESTAMP NOT NULL DEFAULT CURRENT_TIMESTAMP,
    updated_at TIMESTAMP NOT NULL DEFAULT CURRENT_TIMESTAMP
);

-- PARTY CONTACTS
CREATE TABLE party_contact (
    contact_id SERIAL PRIMARY KEY,
    party_id INTEGER NOT NULL REFERENCES party(party_id) ON DELETE CASCADE,
    type TEXT NOT NULL,
    details TEXT NOT NULL
);

CREATE INDEX idx_party_contact_party_id ON party_contact(party_id);

-- PARTY RELATIONSHIP
CREATE TABLE party_relationship (
    relationship_id SERIAL PRIMARY KEY,
    party_id_primary INTEGER NOT NULL REFERENCES party(party_id) ON DELETE CASCADE,
    party_id_secondary INTEGER NOT NULL REFERENCES party(party_id) ON DELETE CASCADE,
    relationship_type TEXT NOT NULL,
    valid_from TIMESTAMP,
    valid_to TIMESTAMP,
    notes TEXT
);

CREATE INDEX idx_party_relationship_primary ON party_relationship(party_id_primary);
CREATE INDEX idx_party_relationship_secondary ON party_relationship(party_id_secondary);
ALTER TABLE party_relationship ADD CONSTRAINT chk_party_relationship_parties CHECK (party_id_primary <> party_id_secondary);
ALTER TABLE party_relationship ADD CONSTRAINT chk_party_relationship_dates CHECK (valid_to IS NULL OR valid_from < valid_to);

-- ADDRESS
CREATE TABLE address (
    address_id UUID PRIMARY KEY DEFAULT gen_random_uuid(),
    party_id INTEGER NOT NULL REFERENCES party(party_id) ON DELETE CASCADE,
    street_address TEXT NOT NULL,
    city TEXT NOT NULL,
    country TEXT NOT NULL,
    postal_code TEXT NOT NULL,
    address_type TEXT NOT NULL CHECK (address_type IN ('BILLING','SHIPPING','CORPORATE','PERSONAL','OTHER'))
);

CREATE INDEX idx_address_party_id ON address(party_id);

-- ROLES
CREATE TABLE role (
    role_id SERIAL PRIMARY KEY,
    name TEXT NOT NULL CHECK (name IN ('DIRECTOR','WAREHOUSE_MANAGER','LOGISTICS_COORDINATOR','STORAGE_APPROVER','OPERATOR')),
    description TEXT NOT NULL
);

CREATE UNIQUE INDEX idx_role_name ON role(name);

-- PARTY ROLES
CREATE TABLE party_role (
    party_id INTEGER NOT NULL REFERENCES party(party_id) ON DELETE CASCADE,
    role_id INTEGER NOT NULL REFERENCES role(role_id) ON DELETE CASCADE,
    assigned_date TIMESTAMP NOT NULL DEFAULT CURRENT_TIMESTAMP,
    PRIMARY KEY (party_id, role_id)
);

CREATE INDEX idx_party_role_party_id ON party_role(party_id);
CREATE INDEX idx_party_role_role_id ON party_role(role_id);

-- EMPLOYEE-WAREHOUSE RELATION (many-to-many)
CREATE TABLE employee_warehouse (
    party_id INTEGER NOT NULL REFERENCES party(party_id) ON DELETE CASCADE,
    warehouse_id INTEGER NOT NULL REFERENCES warehouse(warehouse_id) ON DELETE CASCADE,
    assigned_from TIMESTAMP NOT NULL DEFAULT CURRENT_TIMESTAMP,
    assigned_until TIMESTAMP,
    PRIMARY KEY (party_id, warehouse_id, assigned_from)
);

CREATE INDEX idx_employee_warehouse_party_id ON employee_warehouse(party_id);
CREATE INDEX idx_employee_warehouse_warehouse ON employee_warehouse(warehouse_id);

ALTER TABLE employee_warehouse ADD CONSTRAINT chk_assigned_dates CHECK (assigned_until IS NULL OR assigned_from < assigned_until);

-- STORAGE REQUESTS
CREATE TABLE storage_request (
    request_id SERIAL PRIMARY KEY,
    issuing_party_id INTEGER NOT NULL REFERENCES party(party_id),
    warehouse_id INTEGER NOT NULL REFERENCES warehouse(warehouse_id),
    requested_entry_date TIMESTAMP NOT NULL,
    requested_exit_date TIMESTAMP NOT NULL,
    status TEXT NOT NULL CHECK (status IN ('PENDING','ACCEPTED','REJECTED')) DEFAULT 'PENDING',
    decisive_party_id INTEGER REFERENCES party(party_id),
    decision_date TIMESTAMP
);

CREATE INDEX idx_storage_request_issuing_party_id ON storage_request(issuing_party_id);
CREATE INDEX idx_storage_request_warehouse_id ON storage_request(warehouse_id);
CREATE INDEX idx_storage_request_decisive_party_id ON storage_request(decisive_party_id);

-- STORAGE RESERVATIONS
CREATE TABLE storage_reservation (
    reservation_id SERIAL PRIMARY KEY,
    request_id INTEGER NOT NULL REFERENCES storage_request(request_id) ON DELETE CASCADE,
    party_id INTEGER NOT NULL REFERENCES party(party_id),
    shelf_id INTEGER NOT NULL REFERENCES shelf(shelf_id),
    reserved_weight NUMERIC NOT NULL,
    reserved_volume NUMERIC NOT NULL,
    reserved_from TIMESTAMP NOT NULL,
    reserved_until TIMESTAMP NOT NULL,
    status TEXT NOT NULL CHECK (status IN ('PENDING','ACTIVE','EXPIRED','CANCELLED')) DEFAULT 'PENDING'
);

CREATE INDEX idx_storage_reservation_request_id ON storage_reservation(request_id);
CREATE INDEX idx_storage_reservation_party_id ON storage_reservation(party_id);
CREATE INDEX idx_storage_reservation_shelf_id ON storage_reservation(shelf_id);

-- STORAGE RECORDS
CREATE TABLE storage_record (
    storage_record_id SERIAL PRIMARY KEY,
    request_id INTEGER NOT NULL REFERENCES storage_request(request_id),
    party_id INTEGER NOT NULL REFERENCES party(party_id),
    shelf_id INTEGER NOT NULL REFERENCES shelf(shelf_id),
    actual_entry_date TIMESTAMP NOT NULL,
    actual_exit_date TIMESTAMP,
    cargo_description TEXT NOT NULL,
    cargo_weight NUMERIC NOT NULL,
    cargo_volume NUMERIC NOT NULL
);

CREATE INDEX idx_storage_record_request_id ON storage_record(request_id);
CREATE INDEX idx_storage_record_party_id ON storage_record(party_id);
CREATE INDEX idx_storage_record_shelf_id ON storage_record(shelf_id);

-- PAYMENTS
CREATE TABLE payment (
    payment_id SERIAL PRIMARY KEY,
    storage_record_id INTEGER NOT NULL REFERENCES storage_record(storage_record_id) ON DELETE CASCADE,
    party_id INTEGER NOT NULL REFERENCES party(party_id),
    amount NUMERIC NOT NULL,
    currency TEXT NOT NULL,
    status TEXT NOT NULL CHECK (status IN ('PENDING','PAID','FAILED','CANCELLED')) DEFAULT 'PENDING',
    payment_date TIMESTAMP,
    external_reference TEXT
);

CREATE INDEX idx_payment_party_id ON payment(party_id);
CREATE INDEX idx_payment_storage_record_id ON payment(storage_record_id);

-- CARGO EVENT TYPES
CREATE TABLE cargo_event_type (
    event_type_id SERIAL PRIMARY KEY,
    name TEXT NOT NULL,
    description TEXT
);

CREATE UNIQUE INDEX idx_cargo_event_type_name ON cargo_event_type(name);

-- CARGO EVENT HISTORY
CREATE TABLE cargo_event_history (
    event_id SERIAL PRIMARY KEY,
    party_id INTEGER NOT NULL REFERENCES party(party_id),
    storage_record_id INTEGER NOT NULL REFERENCES storage_record(storage_record_id) ON DELETE CASCADE,
    event_type_id INTEGER NOT NULL REFERENCES cargo_event_type(event_type_id),
    event_time TIMESTAMP NOT NULL DEFAULT CURRENT_TIMESTAMP,
    details JSONB
);

CREATE INDEX idx_cargo_event_history_party_id ON cargo_event_history(party_id);
CREATE INDEX idx_cargo_event_history_storage_record_id ON cargo_event_history(storage_record_id);
CREATE INDEX idx_cargo_event_history_event_type_id ON cargo_event_history(event_type_id);

-- Locations

INSERT INTO location (location_id, address, city, postal_code, country) VALUES
(1, 'ul. Wichrowa 89', 'Janki', '05-090', 'Poland');


-- Warehouses

INSERT INTO warehouse (warehouse_id, location_id, name, description) VALUES
(1, 1, 'Main Deliveroo Warehouse', 'Main warehouse for Deliveroo in Poland');


-- Roles

INSERT INTO role (role_id, name, description) VALUES
(1, 'DIRECTOR', 'Executive director overseeing all warehouse operations and strategic planning.'),
(2, 'WAREHOUSE_MANAGER', 'Oversees all warehouse operations, staff management, and safety protocols.'),
(3, 'LOGISTICS_COORDINATOR', 'Manages logistics, distribution processes, and supply chain coordination.'),
(4, 'STORAGE_APPROVER', 'Reviews and approves storage requests and reservation decisions.'),
(5, 'OPERATOR', 'Handles day-to-day warehouse operations including receiving, shipping, and inventory management.');


-- Contractor and Employee Parties

INSERT INTO party (party_id, name, data, created_at, updated_at) VALUES
(1, 'Purdy, Sawayn and Swift', '{"type":"contractor_company","tax_id_number":"7736681508","status":"ACTIVE"}'::jsonb, '2024-07-26 14:23:33', '2025-05-16 09:25:50'),
(2, 'Price Group', '{"type":"contractor_company","tax_id_number":"3015249489","status":"ACTIVE"}'::jsonb, '2024-07-16 16:55:16', '2024-08-01 04:16:01'),
(3, 'Keeling Inc', '{"type":"contractor_company","tax_id_number":"9219233718","status":"ACTIVE"}'::jsonb, '2024-05-29 15:57:55', '2025-03-08 03:41:02'),
(4, 'Bosco Group', '{"type":"contractor_company","tax_id_number":"5746580209","status":"ACTIVE"}'::jsonb, '2025-01-18 14:38:50', '2024-08-28 07:29:45'),
(5, 'Cummings - Raynor', '{"type":"contractor_company","tax_id_number":"9018760141","status":"INACTIVE"}'::jsonb, '2025-06-29 12:51:52', '2024-09-14 12:17:22'),
(6, 'Roberts, Schumm and Kreiger', '{"type":"contractor_company","tax_id_number":"1779670510","status":"ACTIVE"}'::jsonb, '2023-08-24 08:42:08', '2025-07-04 11:50:40'),
(7, 'Botsford, Marvin and Jenkins', '{"type":"contractor_company","tax_id_number":"6870109895","status":"ACTIVE"}'::jsonb, '2024-05-28 16:10:23', '2024-12-07 03:20:05'),
(8, 'Kling - Russel', '{"type":"contractor_company","tax_id_number":"0114182333","status":"ACTIVE"}'::jsonb, '2023-07-21 11:15:44', '2025-04-03 02:05:00'),
(9, 'Schmeler, Harvey and Runte', '{"type":"contractor_company","tax_id_number":"0717970493","status":"ACTIVE"}'::jsonb, '2024-04-05 00:50:20', '2025-07-08 04:03:57'),
(10, 'Dietrich, Cormier and Lynch', '{"type":"contractor_company","tax_id_number":"5804574229","status":"ACTIVE"}'::jsonb, '2023-07-27 06:49:59', '2024-11-18 08:54:12'),
(11, 'Kunde, Spinka and Schmeler', '{"type":"contractor_company","tax_id_number":"5093880307","status":"ACTIVE"}'::jsonb, '2023-10-06 10:08:14', '2025-05-20 22:46:46'),
(12, 'Hilpert - Kilback', '{"type":"contractor_company","tax_id_number":"7768049383","status":"ACTIVE"}'::jsonb, '2024-08-21 02:11:41', '2024-12-20 19:30:56'),
(13, 'Hackett and Sons', '{"type":"contractor_company","tax_id_number":"1014359261","status":"ACTIVE"}'::jsonb, '2024-09-11 01:36:28', '2024-07-17 01:54:13'),
(14, 'Kertzmann, Becker and Conn', '{"type":"contractor_company","tax_id_number":"4332364038","status":"ACTIVE"}'::jsonb, '2023-12-04 18:57:41', '2024-08-18 15:46:32'),
(15, 'Kunze Inc', '{"type":"contractor_company","tax_id_number":"7821508335","status":"ACTIVE"}'::jsonb, '2025-04-22 15:33:01', '2025-03-07 05:01:30'),
(16, 'Dibbert Inc', '{"type":"contractor_company","tax_id_number":"7775348761","status":"ACTIVE"}'::jsonb, '2024-11-17 10:47:07', '2025-07-01 21:52:55'),
(17, 'Brakus and Sons', '{"type":"contractor_company","tax_id_number":"8495281694","status":"ACTIVE"}'::jsonb, '2025-06-11 04:57:31', '2025-06-03 07:14:53'),
(18, 'Lebsack, Bartoletti and Schroeder', '{"type":"contractor_company","tax_id_number":"0849459083","status":"ACTIVE"}'::jsonb, '2023-08-31 08:52:11', '2025-02-05 18:24:10'),
(19, 'Waters - Murray', '{"type":"contractor_company","tax_id_number":"1397005585","status":"ACTIVE"}'::jsonb, '2024-02-26 15:57:58', '2024-07-22 19:11:04'),
(20, 'Franecki Group', '{"type":"contractor_company","tax_id_number":null,"status":"ACTIVE"}'::jsonb, '2023-08-06 19:57:25', '2025-02-13 18:47:30'),
(21, 'Muller Group', '{"type":"contractor_company","tax_id_number":"5550678070","status":"ACTIVE"}'::jsonb, '2023-12-28 10:17:54', '2025-01-08 03:32:12'),
(22, 'Jast, Hintz and Rohan', '{"type":"contractor_company","tax_id_number":"1212517725","status":"ACTIVE"}'::jsonb, '2024-10-08 00:11:27', '2024-11-06 16:05:36'),
(23, 'Lowe and Sons', '{"type":"contractor_company","tax_id_number":"9590419804","status":"ACTIVE"}'::jsonb, '2024-08-15 08:30:19', '2025-06-19 11:24:51'),
(24, 'Watsica, Sporer and McKenzie', '{"type":"contractor_company","tax_id_number":"6606147051","status":"ACTIVE"}'::jsonb, '2023-12-29 08:22:06', '2025-04-15 12:13:13'),
(25, 'Langworth - Hane', '{"type":"contractor_company","tax_id_number":"2116993038","status":"ACTIVE"}'::jsonb, '2024-03-30 03:56:20', '2025-03-08 17:05:27'),
(26, 'Corwin - Schroeder', '{"type":"contractor_company","tax_id_number":"5752175046","status":"ACTIVE"}'::jsonb, '2025-03-30 05:45:16', '2025-03-17 11:56:11'),
(27, 'Hudson Inc', '{"type":"contractor_company","tax_id_number":"7169353085","status":"ACTIVE"}'::jsonb, '2024-03-10 07:14:31', '2025-01-14 02:20:12'),
(28, 'Volkman, Quigley and O''Kon', '{"type":"contractor_company","tax_id_number":"6394765357","status":"ACTIVE"}'::jsonb, '2023-12-19 15:03:05', '2024-08-19 20:13:06'),
(29, 'Halvorson, Raynor and Ledner', '{"type":"contractor_company","tax_id_number":"8810112530","status":"ACTIVE"}'::jsonb, '2024-11-06 23:27:17', '2024-08-30 23:34:58'),
(30, 'Dicki - Kulas', '{"type":"contractor_company","tax_id_number":"4926257845","status":"INACTIVE"}'::jsonb, '2023-07-23 02:01:20', '2025-06-07 16:27:39'),
(31, 'Schmeler - Bailey', '{"type":"contractor_company","tax_id_number":"1382712461","status":"ACTIVE"}'::jsonb, '2024-10-18 03:07:59', '2024-10-10 06:43:31'),
(32, 'Satterfield Inc', '{"type":"contractor_company","tax_id_number":"5388245745","status":"ACTIVE"}'::jsonb, '2024-06-06 14:52:06', '2024-12-07 15:01:16'),
(33, 'Mertz - Runolfsdottir', '{"type":"contractor_company","tax_id_number":"3284860051","status":"ACTIVE"}'::jsonb, '2023-12-23 01:46:26', '2025-02-27 19:51:14'),
(34, 'Armstrong, Parisian and Ruecker', '{"type":"contractor_company","tax_id_number":"1802430783","status":"ACTIVE"}'::jsonb, '2023-09-26 02:36:50', '2025-01-02 15:13:22'),
(35, 'Homenick - Ondricka', '{"type":"contractor_company","tax_id_number":"9915326844","status":"ACTIVE"}'::jsonb, '2024-01-15 17:49:16', '2025-03-19 14:19:55'),
(36, 'Ritchie Inc', '{"type":"contractor_company","tax_id_number":"8217452615","status":"ACTIVE"}'::jsonb, '2025-01-07 05:16:25', '2025-04-10 22:46:30'),
(37, 'Jacobi Inc', '{"type":"contractor_company","tax_id_number":"1068976815","status":"ACTIVE"}'::jsonb, '2025-04-24 12:04:29', '2024-08-07 21:01:37'),
(38, 'Christiansen, Bartell and Kutch', '{"type":"contractor_company","tax_id_number":"3973088323","status":"ACTIVE"}'::jsonb, '2024-09-23 08:46:14', '2025-03-17 19:29:28'),
(39, 'Hoppe - Sanford', '{"type":"contractor_company","tax_id_number":"3386185612","status":"ACTIVE"}'::jsonb, '2024-10-16 22:02:53', '2025-06-19 09:24:17'),
(40, 'Schneider LLC', '{"type":"contractor_company","tax_id_number":"8175527226","status":"ACTIVE"}'::jsonb, '2025-01-17 17:42:32', '2024-09-27 11:54:35'),
(41, 'Labadie, Feil and Quigley', '{"type":"contractor_company","tax_id_number":"5090517900","status":"ACTIVE"}'::jsonb, '2025-03-30 21:52:45', '2025-03-23 21:18:20'),
(42, 'Schroeder, Hahn and Wilderman', '{"type":"contractor_company","tax_id_number":"2154063432","status":"ACTIVE"}'::jsonb, '2025-02-08 04:13:55', '2024-11-29 00:08:28'),
(43, 'Jerde Inc', '{"type":"contractor_company","tax_id_number":"0930362266","status":"ACTIVE"}'::jsonb, '2024-11-03 09:34:46', '2025-01-14 20:36:20'),
(44, 'Kuhn and Sons', '{"type":"contractor_company","tax_id_number":"2283869216","status":"ACTIVE"}'::jsonb, '2025-07-02 03:23:28', '2025-05-02 17:18:25'),
(45, 'Kutch Inc', '{"type":"contractor_company","tax_id_number":"1588030516","status":"INACTIVE"}'::jsonb, '2024-05-01 10:51:48', '2024-11-05 00:17:53'),
(46, 'Ernser Inc', '{"type":"contractor_company","tax_id_number":"1354134721","status":"ACTIVE"}'::jsonb, '2023-12-17 17:49:04', '2024-09-03 18:18:39'),
(47, 'Christiansen LLC', '{"type":"contractor_company","tax_id_number":"9444954972","status":"INACTIVE"}'::jsonb, '2024-05-23 21:35:42', '2025-01-13 03:26:37'),
(48, 'Schaden and Sons', '{"type":"contractor_company","tax_id_number":"2033345211","status":"ACTIVE"}'::jsonb, '2024-04-18 19:51:18', '2024-09-03 17:48:33'),
(49, 'Bednar LLC', '{"type":"contractor_company","tax_id_number":"5702423122","status":"ACTIVE"}'::jsonb, '2024-08-10 01:14:32', '2025-03-10 09:25:09'),
(50, 'Bins - Goldner', '{"type":"contractor_company","tax_id_number":"7093012186","status":"ACTIVE"}'::jsonb, '2023-12-08 09:22:29', '2024-09-09 01:27:01'),
(71, 'Christopher Bruen', '{"type":"contractor_employee","job_title":"National Usability Planner"}'::jsonb, '2024-11-08 15:39:14', '2025-05-23 08:53:59'),
(72, 'Sarah Little-Hintz', '{"type":"contractor_employee","job_title":"Product Communications Designer"}'::jsonb, '2025-06-02 17:51:33', '2025-02-17 04:12:19'),
(73, 'Jim Bogan V', '{"type":"contractor_employee","job_title":"Central Integration Specialist"}'::jsonb, '2025-03-02 03:02:53', '2025-02-10 17:37:07'),
(74, 'Heidi Berge-Stroman', '{"type":"contractor_employee","job_title":"Customer Infrastructure Designer"}'::jsonb, '2025-05-17 15:05:36', '2025-04-13 17:42:49'),
(75, 'Tony Volkman II', '{"type":"contractor_employee","job_title":"Senior Communications Director"}'::jsonb, '2024-12-10 02:21:19', '2025-06-11 23:40:10'),
(76, 'Danny Lockman', '{"type":"contractor_employee","job_title":"Lead Marketing Specialist"}'::jsonb, '2025-04-16 12:53:10', '2025-04-16 08:05:52'),
(77, 'Homer Becker', '{"type":"contractor_employee","job_title":"Dynamic Directives Officer"}'::jsonb, '2025-06-04 07:26:06', '2025-04-27 10:23:28'),
(78, 'Evan Crona', '{"type":"contractor_employee","job_title":"Internal Research Engineer"}'::jsonb, '2024-12-31 21:03:47', '2025-04-17 12:57:26'),
(79, 'Norman Shanahan', '{"type":"contractor_employee","job_title":"Senior Web Planner"}'::jsonb, '2024-09-09 22:50:40', '2025-05-30 03:44:34'),
(80, 'Sabrina Dickinson', '{"type":"contractor_employee","job_title":"Senior Configuration Associate"}'::jsonb, '2025-07-08 17:30:48', '2025-06-15 09:28:09'),
(81, 'Hilda Torp PhD', '{"type":"contractor_employee","job_title":"Central Assurance Executive"}'::jsonb, '2025-01-11 09:49:49', '2025-03-09 15:13:32'),
(82, 'Rebecca Russel', '{"type":"contractor_employee","job_title":"National Optimization Supervisor"}'::jsonb, '2024-08-26 14:02:13', '2025-02-03 12:34:15'),
(83, 'Ed Dare', '{"type":"contractor_employee","job_title":"Human Assurance Manager"}'::jsonb, '2025-02-06 20:08:24', '2025-02-28 06:13:50'),
(84, 'Marty Torp', '{"type":"contractor_employee","job_title":"Direct Intranet Engineer"}'::jsonb, '2024-11-08 18:42:02', '2025-04-06 18:54:27'),
(85, 'Earnest Fahey', '{"type":"contractor_employee","job_title":"Chief Interactions Consultant"}'::jsonb, '2024-09-27 18:27:32', '2025-07-10 01:31:24'),
(86, 'Denise Thompson', '{"type":"contractor_employee","job_title":"Investor Solutions Engineer"}'::jsonb, '2025-03-31 23:47:36', '2025-05-13 11:21:38'),
(87, 'Inez Cartwright', '{"type":"contractor_employee","job_title":"Investor Configuration Executive"}'::jsonb, '2024-10-27 08:52:59', '2025-05-02 00:39:59'),
(88, 'Phyllis Greenfelder', '{"type":"contractor_employee","job_title":"Legacy Division Agent"}'::jsonb, '2025-05-07 05:36:24', '2025-07-07 17:22:51'),
(89, 'David Johnson', '{"type":"contractor_employee","job_title":"Chief Creative Producer"}'::jsonb, '2025-07-04 01:22:20', '2025-01-29 06:00:05'),
(90, 'Brandon Gorczany', '{"type":"contractor_employee","job_title":"Product Paradigm Orchestrator"}'::jsonb, '2025-04-13 19:21:33', '2025-03-14 03:12:27'),
(91, 'Melissa Carroll', '{"type":"contractor_employee","job_title":"District Identity Associate"}'::jsonb, '2024-12-31 09:41:28', '2025-06-09 20:18:47'),
(92, 'Jeffery Schmitt', '{"type":"contractor_employee","job_title":"Forward Branding Orchestrator"}'::jsonb, '2024-09-02 16:43:20', '2025-04-23 15:19:42'),
(93, 'Jasmine Hills', '{"type":"contractor_employee","job_title":"Internal Paradigm Agent"}'::jsonb, '2024-11-09 11:17:56', '2025-03-19 17:08:54'),
(94, 'Dr. Hugh Towne', '{"type":"contractor_employee","job_title":"Lead Response Architect"}'::jsonb, '2024-10-12 21:05:33', '2025-04-03 06:49:38'),
(95, 'Sabrina Schaden', '{"type":"contractor_employee","job_title":"Product Functionality Designer"}'::jsonb, '2024-11-29 22:36:09', '2025-04-17 01:36:24'),
(96, 'Tom Wisozk', '{"type":"contractor_employee","job_title":"National Group Specialist"}'::jsonb, '2025-04-04 23:31:21', '2025-03-30 21:22:16'),
(97, 'Dr. Dean Abernathy', '{"type":"contractor_employee","job_title":"Senior Functionality Technician"}'::jsonb, '2025-01-16 08:02:25', '2025-05-08 09:09:18'),
(98, 'Henrietta Haley', '{"type":"contractor_employee","job_title":"Corporate Factors Technician"}'::jsonb, '2025-05-25 19:49:33', '2025-06-14 00:48:08'),
(99, 'Hugh King', '{"type":"contractor_employee","job_title":"Regional Brand Associate"}'::jsonb, '2024-09-10 13:29:56', '2025-03-24 03:21:23'),
(100, 'Courtney Welch III', '{"type":"contractor_employee","job_title":"Direct Program Orchestrator"}'::jsonb, '2024-08-15 02:14:31', '2025-01-25 04:16:14'),
(101, 'Robert Stamm IV', '{"type":"contractor_employee","job_title":"Future Communications Agent"}'::jsonb, '2025-01-06 05:57:30', '2025-01-19 23:00:58'),
(102, 'Irvin Abshire', '{"type":"contractor_employee","job_title":"Legacy Configuration Manager"}'::jsonb, '2024-08-10 07:31:20', '2025-04-08 12:22:31'),
(103, 'Nelson Gusikowski', '{"type":"contractor_employee","job_title":"Customer Operations Developer"}'::jsonb, '2024-08-14 07:51:44', '2025-01-30 06:42:15'),
(104, 'Moses Hessel', '{"type":"contractor_employee","job_title":"Direct Metrics Agent"}'::jsonb, '2024-11-18 21:55:16', '2025-06-19 23:39:02'),
(105, 'Carmen Hamill', '{"type":"contractor_employee","job_title":"Direct Operations Engineer"}'::jsonb, '2025-03-02 06:00:16', '2025-05-20 23:11:43'),
(106, 'Steven Kemmer-Runolfsdottir', '{"type":"contractor_employee","job_title":"Legacy Interactions Technician"}'::jsonb, '2025-06-16 17:47:01', '2025-07-02 23:07:40'),
(107, 'Kathryn Douglas', '{"type":"contractor_employee","job_title":"International Infrastructure Orchestrator"}'::jsonb, '2025-06-22 08:29:04', '2025-05-11 08:02:39'),
(108, 'Cathy Harvey IV', '{"type":"contractor_employee","job_title":"Lead Brand Liaison"}'::jsonb, '2025-04-28 03:56:51', '2025-03-09 07:05:25'),
(109, 'Irma Thompson', '{"type":"contractor_employee","job_title":"Lead Directives Architect"}'::jsonb, '2025-02-05 18:44:28', '2025-05-25 01:28:05'),
(110, 'Marlene Stark DDS', '{"type":"contractor_employee","job_title":"Lead Functionality Strategist"}'::jsonb, '2025-03-19 15:05:52', '2025-05-08 14:03:56'),
(111, 'Kelly Toy', '{"type":"contractor_employee","job_title":"Future Interactions Coordinator"}'::jsonb, '2024-12-10 23:01:57', '2025-04-18 19:15:41'),
(112, 'Erika Jacobson', '{"type":"contractor_employee","job_title":"Direct Branding Developer"}'::jsonb, '2024-10-31 00:56:59', '2025-05-26 02:10:29'),
(113, 'Malcolm Schinner-Thompson', '{"type":"contractor_employee","job_title":"Legacy Integration Planner"}'::jsonb, '2025-04-27 02:33:02', '2025-02-09 00:23:03'),
(114, 'Elbert Berge', '{"type":"contractor_employee","job_title":"District Factors Director"}'::jsonb, '2025-01-22 22:59:19', '2025-03-26 20:45:24'),
(115, 'Mercedes Gleason IV', '{"type":"contractor_employee","job_title":"Global Tactics Technician"}'::jsonb, '2025-02-08 08:16:15', '2025-01-30 00:32:12'),
(116, 'Ms. Sandra Mueller', '{"type":"contractor_employee","job_title":"Investor Program Analyst"}'::jsonb, '2025-01-25 02:34:02', '2025-03-16 15:24:23'),
(117, 'Carlton Swaniawski', '{"type":"contractor_employee","job_title":"Principal Creative Administrator"}'::jsonb, '2025-03-12 01:25:49', '2025-01-27 12:35:32'),
(118, 'Gustavo Mante IV', '{"type":"contractor_employee","job_title":"Customer Assurance Supervisor"}'::jsonb, '2025-03-16 11:12:39', '2025-01-18 07:45:54'),
(119, 'Woodrow Towne', '{"type":"contractor_employee","job_title":"Chief Infrastructure Orchestrator"}'::jsonb, '2024-10-21 09:46:42', '2025-04-03 20:58:58'),
(120, 'Morris Zboncak PhD', '{"type":"contractor_employee","job_title":"Central Applications Analyst"}'::jsonb, '2025-01-04 08:17:47', '2025-03-01 02:35:11'),
(121, 'Julian Robel', '{"type":"contractor_employee","job_title":"Future Division Specialist"}'::jsonb, '2024-11-17 04:59:42', '2025-04-03 22:50:18'),
(122, 'Ebony Predovic', '{"type":"contractor_employee","job_title":"Dynamic Usability Technician"}'::jsonb, '2024-11-22 02:19:51', '2025-02-09 21:15:48'),
(123, 'Arnold Klocko', '{"type":"contractor_employee","job_title":"Global Intranet Supervisor"}'::jsonb, '2024-11-17 20:52:27', '2025-02-16 17:41:49'),
(124, 'Samantha Smitham-Harber', '{"type":"contractor_employee","job_title":"Future Solutions Facilitator"}'::jsonb, '2024-11-25 09:31:41', '2025-03-13 14:54:29'),
(125, 'Mrs. Erica Sipes', '{"type":"contractor_employee","job_title":"Customer Accountability Designer"}'::jsonb, '2025-06-20 01:45:34', '2025-01-29 02:47:08'),
(126, 'Lionel Bednar', '{"type":"contractor_employee","job_title":"Investor Applications Architect"}'::jsonb, '2024-10-28 06:28:05', '2025-05-18 20:52:26'),
(127, 'Johnnie Johnson', '{"type":"contractor_employee","job_title":"Future Data Orchestrator"}'::jsonb, '2024-08-20 17:12:59', '2025-03-31 14:01:57'),
(128, 'Wayne Hoppe MD', '{"type":"contractor_employee","job_title":"District Infrastructure Coordinator"}'::jsonb, '2024-10-01 16:46:53', '2025-04-04 12:07:02'),
(129, 'Violet Windler Sr.', '{"type":"contractor_employee","job_title":"Lead Functionality Specialist"}'::jsonb, '2025-05-24 07:38:49', '2025-05-02 12:51:00'),
(130, 'Shaun Bernhard', '{"type":"contractor_employee","job_title":"Global Infrastructure Executive"}'::jsonb, '2025-01-11 06:33:30', '2025-03-16 18:20:36'),
(131, 'Nettie Schulist', '{"type":"contractor_employee","job_title":"Direct Integration Orchestrator"}'::jsonb, '2025-07-05 16:19:48', '2025-07-01 11:39:47'),
(132, 'Jeannie Bartoletti IV', '{"type":"contractor_employee","job_title":"Regional Assurance Specialist"}'::jsonb, '2024-09-27 12:57:24', '2025-03-15 14:25:17'),
(133, 'Mr. Corey Hand', '{"type":"contractor_employee","job_title":"Forward Identity Coordinator"}'::jsonb, '2024-08-10 02:39:25', '2025-02-14 16:06:52'),
(134, 'Shari Schultz', '{"type":"contractor_employee","job_title":"Future Creative Orchestrator"}'::jsonb, '2025-01-08 10:51:36', '2025-05-12 01:55:47'),
(135, 'Monique Bogisich', '{"type":"contractor_employee","job_title":"District Markets Technician"}'::jsonb, '2024-11-18 16:46:22', '2025-07-10 07:32:17'),
(136, 'Matthew Schmitt DDS', '{"type":"contractor_employee","job_title":"Internal Mobility Administrator"}'::jsonb, '2024-11-03 14:05:47', '2025-02-23 20:16:55'),
(137, 'Mrs. Bridget Nicolas', '{"type":"contractor_employee","job_title":"Lead Creative Technician"}'::jsonb, '2025-07-02 22:04:35', '2025-05-09 13:50:33'),
(138, 'Anne Murazik', '{"type":"contractor_employee","job_title":"Central Interactions Consultant"}'::jsonb, '2025-04-30 05:07:14', '2025-02-03 19:48:13'),
(139, 'Dustin Schowalter-Mitchell', '{"type":"contractor_employee","job_title":"Legacy Program Executive"}'::jsonb, '2025-03-07 12:29:59', '2025-03-06 05:34:47'),
(140, 'Dr. Willard Murazik', '{"type":"contractor_employee","job_title":"Investor Communications Officer"}'::jsonb, '2025-06-06 23:19:11', '2025-01-24 15:13:42'),
(141, 'Bobbie Brekke', '{"type":"contractor_employee","job_title":"District Infrastructure Developer"}'::jsonb, '2024-08-20 18:57:38', '2025-06-05 14:11:04'),
(142, 'Marty Hessel', '{"type":"contractor_employee","job_title":"Future Metrics Analyst"}'::jsonb, '2025-03-03 15:43:45', '2025-05-21 16:22:23'),
(143, 'Joshua O''Keefe', '{"type":"contractor_employee","job_title":"Direct Usability Architect"}'::jsonb, '2025-03-01 19:24:32', '2025-02-21 17:13:51'),
(144, 'Vicky Bauch', '{"type":"contractor_employee","job_title":"Chief Web Analyst"}'::jsonb, '2024-10-14 13:50:05', '2025-03-12 19:28:58'),
(145, 'Matthew Macejkovic', '{"type":"contractor_employee","job_title":"Dynamic Optimization Producer"}'::jsonb, '2025-02-24 00:14:47', '2025-04-21 23:21:48'),
(146, 'Miss Natasha Shanahan', '{"type":"contractor_employee","job_title":"Legacy Assurance Officer"}'::jsonb, '2024-12-10 05:05:25', '2025-04-06 21:07:59'),
(147, 'Shannon Jones', '{"type":"contractor_employee","job_title":"Investor Tactics Developer"}'::jsonb, '2024-08-19 14:33:09', '2025-04-27 03:18:09'),
(148, 'Sheldon Ritchie', '{"type":"contractor_employee","job_title":"Direct Web Producer"}'::jsonb, '2025-06-29 14:43:39', '2025-04-28 05:47:03'),
(149, 'Frances Lindgren', '{"type":"contractor_employee","job_title":"District Web Analyst"}'::jsonb, '2025-06-28 05:48:29', '2025-07-06 01:35:59'),
(150, 'Jimmy Bradtke', '{"type":"contractor_employee","job_title":"Customer Accountability Planner"}'::jsonb, '2024-09-25 13:23:27', '2025-07-04 16:49:08'),
(151, 'Melody Bechtelar', '{"type":"contractor_employee","job_title":"Future Quality Specialist"}'::jsonb, '2025-01-09 17:32:12', '2025-03-28 13:41:19'),
(152, 'Dr. Monique Bruen', '{"type":"contractor_employee","job_title":"Future Operations Orchestrator"}'::jsonb, '2024-07-16 08:40:48', '2025-03-14 04:55:48');


-- Party Relationships

INSERT INTO party_relationship (party_id_primary, party_id_secondary, relationship_type, valid_from) VALUES
(2, 71, 'REPRESENTATIVE', '2024-09-16 22:48:32'),
(2, 72, 'REPRESENTATIVE', '2024-10-25 10:18:33'),
(3, 73, 'REPRESENTATIVE', '2025-05-12 10:30:21'),
(4, 74, 'REPRESENTATIVE', '2024-09-06 07:48:08'),
(4, 75, 'REPRESENTATIVE', '2025-06-07 05:07:18'),
(4, 76, 'REPRESENTATIVE', '2025-06-11 19:49:10'),
(5, 77, 'REPRESENTATIVE', '2024-09-08 16:02:38'),
(5, 78, 'REPRESENTATIVE', '2025-05-05 13:01:48'),
(6, 79, 'REPRESENTATIVE', '2025-06-02 02:48:33'),
(6, 80, 'REPRESENTATIVE', '2024-10-25 07:15:54'),
(6, 81, 'REPRESENTATIVE', '2025-01-29 09:17:11'),
(7, 82, 'REPRESENTATIVE', '2024-09-30 09:20:31'),
(8, 83, 'REPRESENTATIVE', '2024-08-27 14:11:33'),
(8, 84, 'REPRESENTATIVE', '2024-09-26 19:55:40'),
(9, 85, 'REPRESENTATIVE', '2024-10-27 09:25:46'),
(9, 86, 'REPRESENTATIVE', '2024-07-30 10:13:23'),
(10, 87, 'REPRESENTATIVE', '2025-04-12 00:11:36'),
(10, 88, 'REPRESENTATIVE', '2025-07-15 07:39:03'),
(10, 89, 'REPRESENTATIVE', '2025-06-13 00:15:23'),
(11, 90, 'REPRESENTATIVE', '2025-02-28 21:45:04'),
(11, 91, 'REPRESENTATIVE', '2024-12-17 20:11:35'),
(12, 92, 'REPRESENTATIVE', '2025-04-03 12:26:47'),
(12, 93, 'REPRESENTATIVE', '2024-12-02 11:36:46'),
(12, 94, 'REPRESENTATIVE', '2024-08-30 08:31:26'),
(13, 95, 'REPRESENTATIVE', '2024-12-16 07:26:47'),
(13, 96, 'REPRESENTATIVE', '2024-12-20 15:31:23'),
(13, 97, 'REPRESENTATIVE', '2025-02-17 05:57:14'),
(14, 98, 'REPRESENTATIVE', '2024-12-21 17:11:59'),
(16, 99, 'REPRESENTATIVE', '2024-07-31 20:22:25'),
(16, 100, 'REPRESENTATIVE', '2025-03-03 08:13:06'),
(16, 101, 'REPRESENTATIVE', '2024-08-06 13:38:46'),
(18, 102, 'REPRESENTATIVE', '2025-02-12 23:52:10'),
(18, 103, 'REPRESENTATIVE', '2024-09-28 07:18:50'),
(18, 104, 'REPRESENTATIVE', '2024-09-07 04:53:34'),
(20, 105, 'REPRESENTATIVE', '2025-02-03 00:50:53'),
(21, 106, 'REPRESENTATIVE', '2025-03-01 13:11:46'),
(22, 107, 'REPRESENTATIVE', '2025-05-23 00:46:23'),
(22, 108, 'REPRESENTATIVE', '2024-10-03 22:58:12'),
(23, 109, 'REPRESENTATIVE', '2024-10-08 15:19:36'),
(25, 110, 'REPRESENTATIVE', '2024-10-16 00:36:39'),
(25, 111, 'REPRESENTATIVE', '2024-08-22 12:34:37'),
(26, 112, 'REPRESENTATIVE', '2025-03-24 07:44:10'),
(26, 113, 'REPRESENTATIVE', '2025-02-19 03:52:16'),
(29, 114, 'REPRESENTATIVE', '2025-02-27 02:30:56'),
(29, 115, 'REPRESENTATIVE', '2024-08-02 03:55:25'),
(29, 116, 'REPRESENTATIVE', '2025-02-06 16:54:41'),
(30, 117, 'REPRESENTATIVE', '2024-12-16 19:51:38'),
(30, 118, 'REPRESENTATIVE', '2025-04-09 20:28:14'),
(30, 119, 'REPRESENTATIVE', '2024-10-15 18:08:28'),
(31, 120, 'REPRESENTATIVE', '2025-05-14 17:34:22'),
(31, 121, 'REPRESENTATIVE', '2025-06-13 22:49:50'),
(31, 122, 'REPRESENTATIVE', '2025-01-18 01:47:29'),
(32, 123, 'REPRESENTATIVE', '2024-10-24 01:29:33'),
(32, 124, 'REPRESENTATIVE', '2024-07-22 04:24:17'),
(33, 125, 'REPRESENTATIVE', '2025-07-15 20:58:21'),
(35, 126, 'REPRESENTATIVE', '2024-11-27 03:09:25'),
(35, 127, 'REPRESENTATIVE', '2024-12-26 04:09:09'),
(36, 128, 'REPRESENTATIVE', '2024-12-19 16:31:43'),
(36, 129, 'REPRESENTATIVE', '2024-10-19 08:09:30'),
(36, 130, 'REPRESENTATIVE', '2025-05-01 14:15:11'),
(38, 131, 'REPRESENTATIVE', '2024-09-24 19:54:36'),
(38, 132, 'REPRESENTATIVE', '2024-11-06 13:47:26'),
(41, 133, 'REPRESENTATIVE', '2024-12-06 18:56:39'),
(41, 134, 'REPRESENTATIVE', '2024-12-01 01:48:54'),
(41, 135, 'REPRESENTATIVE', '2025-06-30 00:33:17'),
(42, 136, 'REPRESENTATIVE', '2025-04-07 09:19:25'),
(42, 137, 'REPRESENTATIVE', '2025-03-25 11:10:14'),
(43, 138, 'REPRESENTATIVE', '2024-08-03 02:15:51'),
(43, 139, 'REPRESENTATIVE', '2025-01-17 04:09:28'),
(44, 140, 'REPRESENTATIVE', '2025-02-14 06:28:00'),
(45, 141, 'REPRESENTATIVE', '2024-12-25 04:01:12'),
(46, 142, 'REPRESENTATIVE', '2025-01-24 00:29:16'),
(46, 143, 'REPRESENTATIVE', '2024-09-14 17:09:49'),
(47, 144, 'REPRESENTATIVE', '2024-11-28 17:08:11'),
(47, 145, 'REPRESENTATIVE', '2025-06-29 07:05:39'),
(48, 146, 'REPRESENTATIVE', '2025-03-15 05:38:22'),
(48, 147, 'REPRESENTATIVE', '2025-05-06 21:45:45'),
(48, 148, 'REPRESENTATIVE', '2025-03-25 05:28:16'),
(49, 149, 'REPRESENTATIVE', '2024-12-23 02:25:05'),
(50, 150, 'REPRESENTATIVE', '2025-04-19 07:24:00'),
(50, 151, 'REPRESENTATIVE', '2024-08-19 01:40:42'),
(50, 152, 'REPRESENTATIVE', '2024-11-04 06:17:44');


-- Party Contacts

INSERT INTO party_contact (party_id, type, details) VALUES
(1, 'EMAIL', 'info@purdysawaynandswift.com'),
(2, 'EMAIL', 'info@pricegroup.com'),
(2, 'PHONE', '500.838.1389 x84578'),
(3, 'EMAIL', 'info@keelinginc.com'),
(3, 'PHONE', '1-594-626-8208 x2943'),
(4, 'EMAIL', 'info@boscogroup.com'),
(4, 'PHONE', '598.360.5475 x9175'),
(5, 'EMAIL', 'info@cummings-raynor.com'),
(5, 'PHONE', '(837) 677-6544 x056'),
(6, 'EMAIL', 'info@robertsschummandkreiger.com'),
(6, 'PHONE', '(691) 224-1181'),
(7, 'EMAIL', 'info@botsfordmarvinandjenkins.com'),
(8, 'EMAIL', 'info@kling-russel.com'),
(8, 'PHONE', '240-284-7338 x2006'),
(9, 'EMAIL', 'info@schmelerharveyandrunte.com'),
(10, 'EMAIL', 'info@dietrichcormierandlynch.com'),
(10, 'PHONE', '574.490.5924 x3386'),
(11, 'EMAIL', 'info@kundespinkaandschmeler.com'),
(11, 'PHONE', '525-595-8150 x5340'),
(12, 'EMAIL', 'info@hilpert-kilback.com'),
(12, 'PHONE', '1-498-532-0130 x44580'),
(13, 'EMAIL', 'info@hackettandsons.com'),
(14, 'EMAIL', 'info@kertzmannbeckerandconn.com'),
(15, 'EMAIL', 'info@kunzeinc.com'),
(15, 'PHONE', '904.876.4806'),
(16, 'EMAIL', 'info@dibbertinc.com'),
(16, 'PHONE', '1-733-491-3914 x01248'),
(17, 'EMAIL', 'info@brakusandsons.com'),
(17, 'PHONE', '916.744.8693 x738'),
(18, 'EMAIL', 'info@lebsackbartolettiandschroeder.com'),
(18, 'PHONE', '965.884.8951 x8666'),
(19, 'EMAIL', 'info@waters-murray.com'),
(19, 'PHONE', '374-621-7793 x07110'),
(20, 'EMAIL', 'info@franeckigroup.com'),
(20, 'PHONE', '972.494.2310 x3999'),
(21, 'EMAIL', 'info@mullergroup.com'),
(21, 'PHONE', '290-643-9859'),
(22, 'EMAIL', 'info@jasthintzandrohan.com'),
(22, 'PHONE', '1-778-331-1334 x9982'),
(23, 'EMAIL', 'info@loweandsons.com'),
(23, 'PHONE', '510.284.0849 x91095'),
(24, 'EMAIL', 'info@watsicasporerandmckenzie.com'),
(24, 'PHONE', '498-263-9027 x5996'),
(25, 'EMAIL', 'info@langworth-hane.com'),
(25, 'PHONE', '1-846-782-7358 x3756'),
(26, 'EMAIL', 'info@corwin-schroeder.com'),
(26, 'PHONE', '1-733-929-0457 x7288'),
(27, 'EMAIL', 'info@hudsoninc.com'),
(27, 'PHONE', '697.895.9480'),
(28, 'EMAIL', 'info@volkmanquigleyandokon.com'),
(28, 'PHONE', '789.249.8102 x73634'),
(29, 'EMAIL', 'info@halvorsonraynorandledner.com'),
(29, 'PHONE', '649-466-7336 x3841'),
(30, 'EMAIL', 'info@dicki-kulas.com'),
(30, 'PHONE', '1-392-440-1534'),
(31, 'EMAIL', 'info@schmeler-bailey.com'),
(31, 'PHONE', '(257) 637-9716'),
(32, 'EMAIL', 'info@satterfieldinc.com'),
(32, 'PHONE', '881.424.6183 x905'),
(33, 'EMAIL', 'info@mertz-runolfsdottir.com'),
(33, 'PHONE', '528-999-1704 x05900'),
(34, 'EMAIL', 'info@armstrongparisianandruecker.com'),
(35, 'EMAIL', 'info@homenick-ondricka.com'),
(35, 'PHONE', '(656) 845-3300'),
(36, 'EMAIL', 'info@ritchieinc.com'),
(36, 'PHONE', '1-294-444-0289 x5178'),
(37, 'EMAIL', 'info@jacobiinc.com'),
(37, 'PHONE', '848-802-7076 x15615'),
(38, 'EMAIL', 'info@christiansenbartellandkutch.com'),
(39, 'EMAIL', 'info@hoppe-sanford.com'),
(39, 'PHONE', '(449) 575-9034'),
(40, 'EMAIL', 'info@schneiderllc.com'),
(40, 'PHONE', '843.875.5821 x678'),
(41, 'EMAIL', 'info@labadiefeilandquigley.com'),
(41, 'PHONE', '905.517.8619 x4261'),
(42, 'EMAIL', 'info@schroederhahnandwilderman.com'),
(42, 'PHONE', '(976) 495-9541 x8066'),
(43, 'EMAIL', 'info@jerdeinc.com'),
(43, 'PHONE', '723-944-3776 x636'),
(44, 'EMAIL', 'info@kuhnandsons.com'),
(44, 'PHONE', '527-542-6929 x18434'),
(45, 'EMAIL', 'info@kutchinc.com'),
(45, 'PHONE', '(915) 715-5588 x653'),
(46, 'EMAIL', 'info@ernserinc.com'),
(46, 'PHONE', '840-932-6189 x7813'),
(47, 'EMAIL', 'info@christiansenllc.com'),
(47, 'PHONE', '(689) 280-3155 x491'),
(48, 'EMAIL', 'info@schadenandsons.com'),
(48, 'PHONE', '1-232-893-7710 x8013'),
(49, 'EMAIL', 'info@bednarllc.com'),
(49, 'PHONE', '708.822.0302 x43156'),
(50, 'EMAIL', 'info@bins-goldner.com'),
(50, 'PHONE', '1-678-350-4988 x9791'),
(71, 'EMAIL', 'christopher.bruen@pricegroup.com'),
(71, 'PHONE', '1-477-733-1365 x2121'),
(72, 'EMAIL', 'sarah.little-hintz@pricegroup.com'),
(72, 'PHONE', '1-642-636-8514'),
(73, 'EMAIL', 'jim.v@keelinginc.com'),
(73, 'PHONE', '333-763-8277 x2085'),
(74, 'EMAIL', 'heidi.berge-stroman@boscogroup.com'),
(74, 'PHONE', '(647) 881-9657 x162'),
(75, 'EMAIL', 'tony.ii@boscogroup.com'),
(75, 'PHONE', '1-390-329-4301 x426'),
(76, 'EMAIL', 'danny.lockman@boscogroup.com'),
(76, 'PHONE', '452.986.9022 x2551'),
(77, 'EMAIL', 'homer.becker@cummings-raynor.com'),
(78, 'EMAIL', 'evan.crona@cummings-raynor.com'),
(78, 'PHONE', '920.904.9895'),
(79, 'EMAIL', 'norman.shanahan@robertsschummandkreiger.com'),
(80, 'EMAIL', 'sabrina.dickinson@robertsschummandkreiger.com'),
(80, 'PHONE', '309-783-5070 x83883'),
(81, 'EMAIL', 'hilda.phd@robertsschummandkreiger.com'),
(81, 'PHONE', '(834) 703-9017 x86506'),
(82, 'EMAIL', 'rebecca.russel@botsfordmarvinandjenkins.com'),
(82, 'PHONE', '454.233.7585 x40666'),
(83, 'EMAIL', 'ed.dare@kling-russel.com'),
(83, 'PHONE', '(461) 984-2537 x5941'),
(84, 'EMAIL', 'marty.torp@kling-russel.com'),
(84, 'PHONE', '(558) 695-1660 x6654'),
(85, 'EMAIL', 'earnest.fahey@schmelerharveyandrunte.com'),
(85, 'PHONE', '1-476-739-0588'),
(86, 'EMAIL', 'denise.thompson@schmelerharveyandrunte.com'),
(86, 'PHONE', '888.228.0711 x910'),
(87, 'EMAIL', 'inez.cartwright@dietrichcormierandlynch.com'),
(88, 'EMAIL', 'phyllis.greenfelder@dietrichcormierandlynch.com'),
(88, 'PHONE', '1-230-972-5904 x419'),
(89, 'EMAIL', 'david.johnson@dietrichcormierandlynch.com'),
(89, 'PHONE', '377.921.4770 x69185'),
(90, 'EMAIL', 'brandon.gorczany@kundespinkaandschmeler.com'),
(90, 'PHONE', '1-291-681-6473 x92997'),
(91, 'EMAIL', 'melissa.carroll@kundespinkaandschmeler.com'),
(91, 'PHONE', '752.944.0555'),
(92, 'EMAIL', 'jeffery.schmitt@hilpert-kilback.com'),
(93, 'EMAIL', 'jasmine.hills@hilpert-kilback.com'),
(93, 'PHONE', '(260) 603-1404'),
(94, 'EMAIL', 'dr..towne@hilpert-kilback.com'),
(95, 'EMAIL', 'sabrina.schaden@hackettandsons.com'),
(96, 'EMAIL', 'tom.wisozk@hackettandsons.com'),
(96, 'PHONE', '(382) 478-4829'),
(97, 'EMAIL', 'dr..abernathy@hackettandsons.com'),
(97, 'PHONE', '450-830-6965 x51861'),
(98, 'EMAIL', 'henrietta.haley@kertzmannbeckerandconn.com'),
(98, 'PHONE', '513.773.9207'),
(99, 'EMAIL', 'hugh.king@dibbertinc.com'),
(100, 'EMAIL', 'courtney.iii@dibbertinc.com'),
(100, 'PHONE', '(306) 942-4259 x3584'),
(101, 'EMAIL', 'robert.iv@dibbertinc.com'),
(102, 'EMAIL', 'irvin.abshire@lebsackbartolettiandschroeder.com'),
(103, 'EMAIL', 'nelson.gusikowski@lebsackbartolettiandschroeder.com'),
(103, 'PHONE', '(285) 515-9289 x125'),
(104, 'EMAIL', 'moses.hessel@lebsackbartolettiandschroeder.com'),
(105, 'EMAIL', 'carmen.hamill@franeckigroup.com'),
(105, 'PHONE', '1-491-531-8224 x755'),
(106, 'EMAIL', 'steven.kemmer-runolfsdottir@mullergroup.com'),
(106, 'PHONE', '1-875-428-2621 x447'),
(107, 'EMAIL', 'kathryn.douglas@jasthintzandrohan.com'),
(107, 'PHONE', '(562) 239-8233'),
(108, 'EMAIL', 'cathy.iv@jasthintzandrohan.com'),
(108, 'PHONE', '1-742-717-9189 x76311'),
(109, 'EMAIL', 'irma.thompson@loweandsons.com'),
(109, 'PHONE', '1-933-747-3083 x486'),
(110, 'EMAIL', 'marlene.dds@langworth-hane.com'),
(110, 'PHONE', '(665) 362-0552'),
(111, 'EMAIL', 'kelly.toy@langworth-hane.com'),
(111, 'PHONE', '485.945.1807 x726'),
(112, 'EMAIL', 'erika.jacobson@corwin-schroeder.com'),
(112, 'PHONE', '467-895-0384 x1821'),
(113, 'EMAIL', 'malcolm.schinner-thompson@corwin-schroeder.com'),
(113, 'PHONE', '325.566.5750 x557'),
(114, 'EMAIL', 'elbert.berge@halvorsonraynorandledner.com'),
(114, 'PHONE', '1-422-933-3961'),
(115, 'EMAIL', 'mercedes.iv@halvorsonraynorandledner.com'),
(115, 'PHONE', '384.609.6930'),
(116, 'EMAIL', 'ms..mueller@halvorsonraynorandledner.com'),
(116, 'PHONE', '424-297-7240'),
(117, 'EMAIL', 'carlton.swaniawski@dicki-kulas.com'),
(117, 'PHONE', '472.315.3499'),
(118, 'EMAIL', 'gustavo.iv@dicki-kulas.com'),
(118, 'PHONE', '1-684-811-8255 x4740'),
(119, 'EMAIL', 'woodrow.towne@dicki-kulas.com'),
(120, 'EMAIL', 'morris.phd@schmeler-bailey.com'),
(120, 'PHONE', '(539) 642-5338 x7621'),
(121, 'EMAIL', 'julian.robel@schmeler-bailey.com'),
(121, 'PHONE', '1-912-247-5212 x7448'),
(122, 'EMAIL', 'ebony.predovic@schmeler-bailey.com'),
(122, 'PHONE', '952.900.5182 x28053'),
(123, 'EMAIL', 'arnold.klocko@satterfieldinc.com'),
(124, 'EMAIL', 'samantha.smitham-harber@satterfieldinc.com'),
(124, 'PHONE', '1-672-277-5465 x56659'),
(125, 'EMAIL', 'mrs..sipes@mertz-runolfsdottir.com'),
(125, 'PHONE', '(796) 709-5017 x518'),
(126, 'EMAIL', 'lionel.bednar@homenick-ondricka.com'),
(126, 'PHONE', '978-833-3667 x947'),
(127, 'EMAIL', 'johnnie.johnson@homenick-ondricka.com'),
(127, 'PHONE', '974-899-3152 x6515'),
(128, 'EMAIL', 'wayne.md@ritchieinc.com'),
(128, 'PHONE', '749-207-7495 x632'),
(129, 'EMAIL', 'violet.sr.@ritchieinc.com'),
(130, 'EMAIL', 'shaun.bernhard@ritchieinc.com'),
(131, 'EMAIL', 'nettie.schulist@christiansenbartellandkutch.com'),
(131, 'PHONE', '425-856-0666 x0362'),
(132, 'EMAIL', 'jeannie.iv@christiansenbartellandkutch.com'),
(132, 'PHONE', '1-335-691-5913 x263'),
(133, 'EMAIL', 'mr..hand@labadiefeilandquigley.com'),
(134, 'EMAIL', 'shari.schultz@labadiefeilandquigley.com'),
(134, 'PHONE', '(424) 983-4150 x70791'),
(135, 'EMAIL', 'monique.bogisich@labadiefeilandquigley.com'),
(135, 'PHONE', '1-397-491-0651 x539'),
(136, 'EMAIL', 'matthew.dds@schroederhahnandwilderman.com'),
(136, 'PHONE', '784-686-1652'),
(137, 'EMAIL', 'mrs..nicolas@schroederhahnandwilderman.com'),
(137, 'PHONE', '980-317-1014 x3692'),
(138, 'EMAIL', 'anne.murazik@jerdeinc.com'),
(138, 'PHONE', '1-390-861-3620'),
(139, 'EMAIL', 'dustin.schowalter-mitchell@jerdeinc.com'),
(139, 'PHONE', '(412) 316-7503 x8407'),
(140, 'EMAIL', 'dr..murazik@kuhnandsons.com'),
(141, 'EMAIL', 'bobbie.brekke@kutchinc.com'),
(141, 'PHONE', '1-459-461-7752'),
(142, 'EMAIL', 'marty.hessel@ernserinc.com'),
(142, 'PHONE', '1-692-801-2215 x222'),
(143, 'EMAIL', 'joshua.o''keefe@ernserinc.com'),
(143, 'PHONE', '930.615.2110 x948'),
(144, 'EMAIL', 'vicky.bauch@christiansenllc.com'),
(144, 'PHONE', '(296) 920-9220 x5421'),
(145, 'EMAIL', 'matthew.macejkovic@christiansenllc.com'),
(145, 'PHONE', '770-951-8695 x0517'),
(146, 'EMAIL', 'miss.shanahan@schadenandsons.com'),
(146, 'PHONE', '1-617-281-1483 x4426'),
(147, 'EMAIL', 'shannon.jones@schadenandsons.com'),
(147, 'PHONE', '1-462-661-9996'),
(148, 'EMAIL', 'sheldon.ritchie@schadenandsons.com'),
(148, 'PHONE', '988.321.8884'),
(149, 'EMAIL', 'frances.lindgren@bednarllc.com'),
(149, 'PHONE', '512-447-6900 x16188'),
(150, 'EMAIL', 'jimmy.bradtke@bins-goldner.com'),
(151, 'EMAIL', 'melody.bechtelar@bins-goldner.com'),
(151, 'PHONE', '531.524.5668'),
(152, 'EMAIL', 'dr..bruen@bins-goldner.com'),
(152, 'PHONE', '1-972-504-5563 x2621');


-- Contractor Addresses

INSERT INTO address (address_id, party_id, street_address, city, country, postal_code, address_type) VALUES
('9261c3ca-ec26-42aa-a997-8a16b3387b1a', 1, '520 Eulah Via', 'New Cordie', 'Niger', '93087', 'BILLING'),
('6db0788a-a72a-4c98-9354-addfb150c3c1', 2, '686 Nader Trafficway', 'Gleasonton', 'South Africa', '47842-7824', 'BILLING'),
('fdef6fee-787e-4fb8-8188-95010dc565b2', 2, '3729 O''Reilly Bypass', 'Emmanuelleland', 'Sierra Leone', '49092', 'CORPORATE'),
('b3b80cdf-6b00-41ca-965e-3cf4e618efe5', 3, '49540 Karen Turnpike', 'Andresbury', 'Republic of Korea', '81763-1016', 'OTHER'),
('4662bbda-e089-45b7-aeb7-dfcb6e8a3a23', 3, '7820 Grove Street', 'West Newellchester', 'Latvia', '73239', 'SHIPPING'),
('5a9da9f3-468e-4299-9fda-d8833347b02f', 3, '2464 DuBuque Land', 'West Casper', 'Argentina', '58733-8810', 'BILLING'),
('4b85f252-0dc9-4208-82d3-16f7a4bae6b5', 4, '9614 Edd Course', 'North Ayden', 'Faroe Islands', '61519-6918', 'BILLING'),
('49408627-cbf5-4d42-8614-6b130429c8ed', 4, '171 Danyka Fall', 'Fort Shane', 'Slovenia', '38592', 'SHIPPING'),
('377ef0b6-ccf3-4083-8817-34941e6a56e0', 4, '4479 Ara Well', 'Encinitas', 'South Georgia and the South Sandwich Islands', '21236-0491', 'OTHER'),
('7671ab30-b2c7-4876-8bd7-d49e3c54ea47', 5, '959 Rodriguez Club', 'Hermannstead', 'Kiribati', '57719-7668', 'SHIPPING'),
('18092a41-87f9-4ddc-b0a2-ef563af55a21', 6, '5037 Dimitri Ferry', 'Lake America', 'Saint Lucia', '72775-4185', 'OTHER'),
('0ab15b35-3ac6-4599-9d1c-fb45301b35e0', 7, '6521 Hermann Junctions', 'Port Eino', 'Macao', '80800', 'BILLING'),
('c05271d1-8047-429a-9bcb-8ccf08427867', 8, '3477 Hodkiewicz Ways', 'Camylletown', 'Sint Maarten', '17233-5972', 'CORPORATE'),
('54ea0208-bb0a-4980-8637-14be468d1051', 9, '2002 Canal Street', 'Tacoma', 'Palestine', '57121-3825', 'CORPORATE'),
('5ee1b2a3-5b63-4ad9-82ae-ce6398b6bc64', 9, '151 Lilla Locks', 'Pharr', 'Bolivia', '72494', 'SHIPPING'),
('d1c35e8b-1f47-4613-9210-ef5bd1a5b309', 10, '2530 Antonette Mills', 'Loweshire', 'Maldives', '27517-7185', 'SHIPPING'),
('ebc10c20-7637-4dee-9afb-152600281f49', 11, '4156 Bath Road', 'Abdullahfield', 'Norfolk Island', '94950-0269', 'SHIPPING'),
('9408b2c2-d299-4d14-8ba8-7c9f8df6b39d', 12, '7072 Jaskolski Hollow', 'Elizabeth', 'Nigeria', '38407-5667', 'CORPORATE'),
('69545126-4191-4049-aaea-475d4ce4f8ac', 13, '572 S 14th Street', 'Fort Keshaunboro', 'Bhutan', '21799', 'CORPORATE'),
('2322cb42-97a9-4ac1-b62f-c3ecab531faf', 14, '3631 Post Road', 'Satterfieldfield', 'Liberia', '67467', 'SHIPPING'),
('029684b2-037b-4d8e-8687-cf865e109699', 15, '285 W Division Street', 'Rolfsonworth', 'Guadeloupe', '16747-0702', 'OTHER'),
('3aa664bd-e653-4426-93bd-b73e38283134', 15, '583 Gloria Street', 'New Pollychester', 'Micronesia', '46201-2850', 'CORPORATE'),
('476d992a-ec04-40b2-a20d-e19258f63df7', 16, '477 Ashlynn Stream', 'Fort Eusebio', 'Tanzania', '79439', 'CORPORATE'),
('946970c4-2e94-41c7-b35e-96096692d6ef', 16, '3033 Schaden Mountain', 'Hackensack', 'Brunei Darussalam', '91167-8274', 'OTHER'),
('73608872-f0ae-4d9b-9910-8902bee39d47', 16, '646 Stroman Garden', 'North Hannah', 'Haiti', '86227', 'SHIPPING'),
('f2a9ff29-9bb9-4319-b7b5-a37ba91165b5', 17, '648 Queen''s Road', 'Knoxville', 'Israel', '00019', 'CORPORATE'),
('031cf7cd-14b6-4396-92be-61054df09de3', 17, '20240 Sandy Lane', 'Murphychester', 'Faroe Islands', '83857-8916', 'SHIPPING'),
('9849abe5-e170-4bf6-b6c7-6b81a7f06f10', 18, '53887 Nelson Street', 'South Augustaside', 'Malawi', '78066-8113', 'BILLING'),
('31818d87-9397-4b1f-903a-fab2654e8550', 18, '395 Lizeth Grove', 'Vivianfurt', 'Norfolk Island', '38907-9523', 'SHIPPING'),
('67cde7dd-8133-4fab-ba8b-1f4bc37eab61', 19, '72873 Elta Estate', 'Caguas', 'Comoros', '67500-9956', 'CORPORATE'),
('fdc4b155-7750-4b15-bba8-7978393c5828', 19, '14172 Pagac Pass', 'Bodeberg', 'Democratic People''s Republic of Korea', '50119', 'OTHER'),
('43305cc7-fd00-4ee1-837a-0c24845169f1', 19, '7048 Feeney Courts', 'Poinciana', 'Cambodia', '56642', 'BILLING'),
('83ee127d-0d46-46a4-ac2c-b81bc4b85c20', 20, '7885 Park Crescent', 'Lake Jailynstead', 'Antarctica', '13665', 'OTHER'),
('70726854-6392-44a3-bdfc-f1541d25356f', 20, '92626 Gennaro Lakes', 'Haagcester', 'Armenia', '24745-8101', 'CORPORATE'),
('031a6884-6456-4954-b781-b94d66ced375', 20, '54141 Center Road', 'Koeppborough', 'Portugal', '19101-7852', 'SHIPPING'),
('9050fe35-24b6-44c5-960f-e06728042e3a', 21, '8461 Lincoln Street', 'Keltonboro', 'Mozambique', '26428-3790', 'BILLING'),
('28d89a23-705a-474f-8e36-2bf7c117dda9', 22, '82203 Zulauf Crescent', 'Royside', 'Uzbekistan', '69293', 'SHIPPING'),
('c987e75d-f451-4f56-8b7f-c3d9f31f2ca6', 23, '201 Keaton Valley', 'Salliestad', 'Antigua and Barbuda', '85358-2403', 'SHIPPING'),
('eaa6f3f6-691b-4426-a627-89cfba2dc870', 23, '367 Maudie Corners', 'Gilbert', 'Faroe Islands', '80936', 'OTHER'),
('0d9198c7-e4f6-4fa2-858d-5ddc5ef77a63', 23, '999 Park Crescent', 'East Griffin', 'Vietnam', '33323-4020', 'CORPORATE'),
('865e62cd-7cf6-49c1-926b-519efb78ab58', 24, '25558 N Pine Street', 'Earlineland', 'Macao', '67539-4095', 'SHIPPING'),
('a3d5d455-3d03-48f3-8c22-a3cdcd3c02fd', 25, '285 Agustina Ferry', 'Krajcikport', 'Russian Federation', '62003-2572', 'OTHER'),
('d6ee2896-b3ba-4722-8d8d-8b811c1af6ef', 26, '8848 Daugherty Hollow', 'North Serenaborough', 'Malaysia', '54330-8346', 'CORPORATE'),
('48b3c98f-05a1-4442-bb0e-a92f39f9e3bf', 26, '35280 Streich Greens', 'South Harleycester', 'Virgin Islands, U.S.', '73418', 'BILLING'),
('15206661-6210-4cae-b400-9157c02a84a3', 26, '126 Lancaster Road', 'Blickland', 'Australia', '87688-1850', 'SHIPPING'),
('7e6a0723-dba1-428d-82f8-4fb48ee13d7e', 27, '546 Dante Estate', 'Bergstromfield', 'India', '48965', 'CORPORATE'),
('5c4fc0c1-5336-4114-84af-56a603a8b199', 28, '7389 Fritsch Pine', 'Hesselburgh', 'Saint Pierre and Miquelon', '31144', 'SHIPPING'),
('902d5aed-f58c-4fbf-96ee-10857cfb622a', 29, '566 Franklin Road', 'Hermannstead', 'Albania', '58768-4017', 'SHIPPING'),
('9eef1146-ebcb-4a27-876d-84959114a0ac', 29, '66828 Pleasant Street', 'South Marcellus', 'Pitcairn Islands', '52902', 'CORPORATE'),
('e9392472-090c-47d7-8d65-64360499afc0', 29, '183 Conn Circles', 'Tyler', 'Dominican Republic', '26395-2899', 'OTHER'),
('c029fea5-ee50-42b3-98fd-e4aaf36f3b8c', 30, '653 Jacobi Extension', 'Cornellmouth', 'Angola', '75582', 'CORPORATE'),
('bfae8776-8e00-4f44-94b5-f32ddf1253a9', 31, '42020 University Drive', 'Tampa', 'Algeria', '52653-4763', 'SHIPPING'),
('3d12c42f-08bd-4359-8729-2adfdd50efe6', 32, '561 Roberts Underpass', 'Mariamhaven', 'Papua New Guinea', '97286', 'BILLING'),
('52c0d0e6-77f2-4ed5-a484-560774f31609', 33, '3954 Claire Extension', 'Waukesha', 'Holy See (Vatican City State)', '55023-3071', 'SHIPPING'),
('7d799c19-d7f3-4fa3-9b7c-c88a4166663a', 34, '97508 Donnelly Groves', 'Kirstenshire', 'Angola', '80087', 'SHIPPING'),
('80f54cb3-d3e6-4361-9362-77c8b07872d8', 35, '743 Effertz Plains', 'Woodland', 'Eswatini', '38161', 'OTHER'),
('0b60b49a-4ae3-4664-9a71-59c865e3133b', 35, '38449 Jay Dam', 'East Marjoryfort', 'Kazakhstan', '63468', 'CORPORATE'),
('7bca97f4-8946-456b-809b-c03c92f95b17', 35, '22230 Dion Plain', 'East Jayceetown', 'Saint Barthelemy', '41387-9832', 'BILLING'),
('b19fe0e2-55b2-420e-a53c-88ca486d45f0', 36, '675 Hettinger Route', 'Bothell', 'Congo', '08423', 'OTHER'),
('3fdb5ffb-001a-4521-938e-9a3ed4c5d40c', 36, '332 Predovic Union', 'Handstead', 'Pakistan', '41005', 'SHIPPING'),
('cce6abb8-1e16-459b-b7bc-3b6749e5b0d7', 37, '66627 Estella Forks', 'South Jeramy', 'Yemen', '93180-7294', 'SHIPPING'),
('f5c9627f-11e3-4b7a-afa8-2e9a4c18cfc8', 38, '2068 Esta Junctions', 'Lake Juwanport', 'Central African Republic', '77923', 'BILLING'),
('23f913b3-da29-4f97-863e-16d1a1641571', 38, '440 Douglas Pine', 'North Jacynthe', 'France', '42972', 'SHIPPING'),
('82175374-e66c-4a6f-ac2c-9d39850030c9', 38, '3844 Barton Via', 'New Kaiastead', 'Hong Kong', '82136', 'CORPORATE'),
('5786f36d-0de0-4cbb-93de-5b4f5f631c9b', 39, '63921 Gleason Point', 'South Juwan', 'Bulgaria', '24630-9820', 'SHIPPING'),
('9a14d9f2-7a4e-402f-8af1-5c798742b1b9', 40, '71653 Balistreri Flat', 'New Michaela', 'Guadeloupe', '17662-0047', 'OTHER'),
('c0139958-8827-4036-a103-96685ad82b2a', 40, '9426 Schmidt Canyon', 'Taylor', 'Bonaire, Sint Eustatius and Saba', '51917', 'BILLING'),
('1a52a88b-f856-47bd-8a81-73706a7927b6', 41, '2137 Madison Street', 'North Serenachester', 'Madagascar', '51331', 'SHIPPING'),
('a5b07cf9-d4ca-40c0-b982-53db05665b5a', 42, '62122 State Avenue', 'Genovevaville', 'Pakistan', '22904-9238', 'OTHER'),
('8f7219e7-f2f4-49d0-aa1f-e243abb0d742', 42, '7825 Orion Bypass', 'Antonettemouth', 'Guatemala', '88590-1706', 'BILLING'),
('fc1fac1e-df20-4067-a485-4432aed47ed9', 43, '562 14th Street', 'Langborough', 'Portugal', '88865-9836', 'CORPORATE'),
('223d9685-df7e-4236-b200-87a4eedca2c5', 43, '51557 Meadow Lane', 'Cartermouth', 'Marshall Islands', '41241-4336', 'OTHER'),
('8935ae51-7f00-4e9a-8ace-baa64da5d733', 43, '52379 Murray Haven', 'Effertzburgh', 'Kazakhstan', '65880', 'SHIPPING'),
('c3ca4f72-3f6b-4884-8f11-1929f608e8c2', 44, '2584 Bradtke Island', 'Pearland', 'Thailand', '57259', 'SHIPPING'),
('1da3485e-17e9-4162-ae68-83a0e9b5469b', 45, '708 Leopold Ford', 'Hymanbury', 'French Polynesia', '01266-9012', 'CORPORATE'),
('0016f16c-bf41-412e-b7d7-a9f6959c3fed', 45, '631 River Street', 'East Myrticeburgh', 'South Sudan', '74578', 'BILLING'),
('4b27b69c-dd02-4ddf-a915-19b92ba8769c', 46, '3812 Skiles Lane', 'Arecibo', 'Dominican Republic', '00723', 'CORPORATE'),
('dda6a485-4676-4c5c-8c2c-a9454e3af339', 46, '59440 County Line Road', 'Reneeville', 'Serbia', '40418-1831', 'SHIPPING'),
('ab1b8cec-e417-4bc0-8957-879bb70cf62c', 47, '2194 Teagan Green', 'Kutchcester', 'French Southern Territories', '62243', 'CORPORATE'),
('612a2dcc-37c9-474f-b0d3-597765be7ba6', 48, '85555 Nikolaus Islands', 'Rolfsonberg', 'Marshall Islands', '46792', 'OTHER'),
('e976d7cb-4889-4cb0-a85c-b39ba0314b79', 49, '136 Pete Rest', 'Port Willowside', 'Honduras', '89278', 'SHIPPING'),
('29ef3cdc-afcc-4abb-b073-476cc50db362', 50, '92690 Carroll Divide', 'New Hallie', 'Afghanistan', '56754', 'SHIPPING'),
('e1d69678-001c-4229-82d7-614895c29744', 50, '4300 Dayana Circle', 'Port Juvenalchester', 'Venezuela', '84486', 'BILLING');


-- Employee Parties

INSERT INTO party (party_id, name, data, created_at, updated_at) VALUES
(51, 'Anita Okuneva', '{"type":"employee","status":"ACTIVE"}'::jsonb, '2023-11-11 23:49:01', '2025-06-12 23:52:16'),
(52, 'Diane Lang', '{"type":"employee","status":"ACTIVE"}'::jsonb, '2024-03-22 22:03:31', '2024-12-09 02:10:14'),
(53, 'Phyllis Howell', '{"type":"employee","status":"INACTIVE"}'::jsonb, '2023-05-31 11:37:39', '2025-05-29 07:13:41'),
(54, 'Elizabeth O''Keefe', '{"type":"employee","status":"ACTIVE"}'::jsonb, '2024-01-18 05:26:51', '2024-09-20 02:57:29'),
(55, 'Arturo Blick', '{"type":"employee","status":"ACTIVE"}'::jsonb, '2021-12-30 07:11:17', '2025-07-10 18:12:29'),
(56, 'Doris Thiel', '{"type":"employee","status":"ACTIVE"}'::jsonb, '2020-09-02 16:14:58', '2024-07-20 01:06:50'),
(57, 'Maryann Cartwright', '{"type":"employee","status":"ACTIVE"}'::jsonb, '2020-12-28 23:07:12', '2024-09-06 21:47:15'),
(58, 'Miss Terry Boyer', '{"type":"employee","status":"ACTIVE"}'::jsonb, '2020-08-22 16:27:29', '2024-10-08 23:42:07'),
(59, 'Bennie Sanford', '{"type":"employee","status":"ACTIVE"}'::jsonb, '2021-04-12 05:51:31', '2024-10-27 16:56:10'),
(60, 'Tyrone Kautzer', '{"type":"employee","status":"ACTIVE"}'::jsonb, '2022-08-31 12:23:52', '2024-11-13 14:41:18'),
(61, 'Lora Zieme', '{"type":"employee","status":"ACTIVE"}'::jsonb, '2022-11-02 20:31:30', '2024-09-04 10:44:42'),
(62, 'Laura Blick', '{"type":"employee","status":"ACTIVE"}'::jsonb, '2024-07-08 14:58:55', '2025-03-25 06:38:05'),
(63, 'Marsha Konopelski-Upton', '{"type":"employee","status":"ACTIVE"}'::jsonb, '2024-01-30 23:56:46', '2025-06-27 04:19:36'),
(64, 'Dr. Myrtle Goyette', '{"type":"employee","status":"ACTIVE"}'::jsonb, '2021-10-13 11:34:17', '2025-03-06 23:31:36'),
(65, 'Ollie Kautzer', '{"type":"employee","status":"ACTIVE"}'::jsonb, '2023-03-07 09:10:41', '2024-10-28 15:56:08'),
(66, 'Conrad Conn', '{"type":"employee","status":"ACTIVE"}'::jsonb, '2024-03-02 22:06:53', '2025-05-07 11:25:29'),
(67, 'Ms. Elena Lesch', '{"type":"employee","status":"ACTIVE"}'::jsonb, '2023-06-10 01:29:07', '2025-04-23 01:50:37'),
(68, 'Conrad Tremblay', '{"type":"employee","status":"ACTIVE"}'::jsonb, '2021-12-25 18:23:36', '2025-02-03 10:23:53'),
(69, 'Roman Torp-Tillman IV', '{"type":"employee","status":"ACTIVE"}'::jsonb, '2024-07-13 06:47:26', '2024-10-07 13:14:49'),
(70, 'Andrew Green', '{"type":"employee","status":"ACTIVE"}'::jsonb, '2021-04-11 00:57:18', '2025-05-30 13:04:22');


-- Employee Addresses

INSERT INTO address (address_id, party_id, street_address, city, country, postal_code, address_type) VALUES
('7458e818-0508-44c8-8d77-0616649d177e', 51, '87284 Grimes Extensions', 'Kileyfield', 'Heard Island and McDonald Islands', '54724', 'OTHER'),
('9418fd4d-a005-4e23-ba32-050f0bdb5024', 51, '43107 Gunner Road', 'West Lloydport', 'South Africa', '28513-2660', 'PERSONAL'),
('0f12c72b-2138-4d6d-a466-83761f3af5cb', 52, '35427 2nd Street', 'Akron', 'Eswatini', '06656', 'PERSONAL'),
('1d9552f6-adb8-4fc8-a6e3-8dea3b66ed49', 52, '59417 Ritchie Land', 'Elvaworth', 'Burundi', '71087', 'OTHER'),
('14a8f775-a81f-4667-8f95-238d0d498262', 53, '756 Clarence Road', 'Danbury', 'Nicaragua', '70006-8869', 'PERSONAL'),
('cbcccf9d-cd4c-4a06-a0fa-fa9f78c40b28', 54, '662 N Maple Street', 'Cormiercester', 'Chile', '41224', 'OTHER'),
('2a65fe84-5e57-48fd-8918-3e42e8e0e772', 54, '80299 Quinton Terrace', 'West Trystan', 'Uganda', '16989', 'PERSONAL'),
('747a3ed9-f945-4ad8-ba72-686aa1eb37a1', 55, '2484 Torp Forks', 'Reingerbury', 'Equatorial Guinea', '24900-9809', 'PERSONAL'),
('e8db4c5a-c1e1-4c30-82a0-7e4559755726', 56, '34411 Christina Stravenue', 'Beckertown', 'Macao', '50249', 'PERSONAL'),
('be59e90a-75d4-4e33-aa57-9e6cb86d7210', 56, '455 Wehner Forest', 'Adeliaworth', 'Azerbaijan', '93214', 'OTHER'),
('0eb63ca9-37e6-4c0f-8fbe-21881f02900e', 57, '17404 Jermain Expressway', 'Port Selena', 'Slovenia', '82599-7240', 'PERSONAL'),
('6f5f02c8-4a80-4322-9b64-b90361c739b1', 58, '9641 Priory Close', 'West Maeveberg', 'Cambodia', '34284-0330', 'OTHER'),
('f7b92ef7-cab3-479a-9980-ab03d4f7a927', 58, '529 Conn Trafficway', 'Cruickshankcester', 'Brazil', '15308-9084', 'PERSONAL'),
('47d02420-e600-4d32-ab64-0ec28f1d0995', 59, '923 London Garden', 'Fionaland', 'Lao People''s Democratic Republic', '62932', 'PERSONAL'),
('82225e35-546a-477a-aeea-22c0eabfe67a', 60, '3139 White Burg', 'East Robyn', 'Samoa', '89864-5722', 'PERSONAL'),
('2c0172cd-cacc-44f9-baa8-1a192fc1698c', 61, '2888 Edwardo Square', 'East Jeffcester', 'Denmark', '88995', 'OTHER'),
('e3409fda-5df5-4066-bbf3-7710317cd5c5', 62, '56708 Veda Alley', 'Rapid City', 'Fiji', '38682-6167', 'OTHER'),
('37341181-9262-44ff-9f08-cf8f227f70b4', 63, '126 Woodland Road', 'Abshireworth', 'Somalia', '16004-4805', 'OTHER'),
('6665bddf-7967-4f77-b549-157ee44b533f', 63, '468 Brooklyn Inlet', 'East Darioton', 'United Arab Emirates', '14644', 'PERSONAL'),
('ea257a51-0d60-4b57-88f6-6fbd4a6c359c', 64, '14497 Gerry Fort', 'Kayleyburgh', 'Cook Islands', '68290', 'PERSONAL'),
('2f1be5df-1309-498a-b6ac-89d752d288c6', 64, '321 Aurore Corners', 'Port Claude', 'Nauru', '44214', 'OTHER'),
('1361be5e-472b-49e1-ac49-1a000918345c', 65, '8216 Blick Via', 'West Shemarboro', 'Iceland', '58370-1547', 'PERSONAL'),
('7517ec34-3b06-4f7e-b3a0-562487d57eb8', 65, '825 University Drive', 'Collierborough', 'Tokelau', '00035', 'OTHER'),
('966bcd8f-722b-41b6-9f16-cbc92fefcbac', 66, '29973 S Center Street', 'Reynoldtown', 'Solomon Islands', '69788', 'PERSONAL'),
('928ee0e5-cf50-488b-9c75-1e4e4401270d', 67, '2392 Elmira Lane', 'West Cassidybury', 'El Salvador', '62942-7046', 'PERSONAL'),
('081c9bac-6caf-4bac-9052-448669519cd7', 68, '156 Mount Street', 'East Myron', 'Honduras', '03948-0264', 'OTHER'),
('7bd79288-d097-4325-84a6-9c0957c89aab', 68, '63629 Fisher Course', 'South Alyssonfort', 'Reunion', '58625-8808', 'PERSONAL'),
('c30d2464-0354-4883-9020-9b6b93a30bee', 69, '28166 O''Hara Radial', 'Lennastad', 'Vanuatu', '85759', 'OTHER'),
('e36f2a48-a76e-402e-a366-064f3f7b0c14', 70, '70902 Easton Path', 'East Nelsonchester', 'Luxembourg', '41741-4368', 'OTHER');


-- Employee Contacts

INSERT INTO party_contact (party_id, type, details) VALUES
(51, 'EMAIL', 'Anita_Okuneva@deliveroo.com'),
(51, 'PHONE', '827.840.6535 x583'),
(52, 'EMAIL', 'Diane.Lang52@deliveroo.com'),
(52, 'PHONE', '422.538.0962'),
(53, 'EMAIL', 'Phyllis.Howell@deliveroo.com'),
(53, 'PHONE', '862-708-8375 x723'),
(54, 'EMAIL', 'Elizabeth_OKeefe92@deliveroo.com'),
(54, 'PHONE', '1-310-873-5476 x4704'),
(55, 'EMAIL', 'Arturo_Blick@deliveroo.com'),
(55, 'PHONE', '(852) 219-9593'),
(56, 'EMAIL', 'Doris_Thiel30@deliveroo.com'),
(56, 'PHONE', '449-802-5569 x76115'),
(57, 'EMAIL', 'Maryann_Cartwright16@deliveroo.com'),
(57, 'PHONE', '(736) 803-6909'),
(58, 'EMAIL', 'Miss.Terry@deliveroo.com'),
(58, 'PHONE', '782-288-3189 x364'),
(59, 'EMAIL', 'Bennie_Sanford19@deliveroo.com'),
(59, 'PHONE', '507.482.7564 x92468'),
(60, 'EMAIL', 'Tyrone_Kautzer@deliveroo.com'),
(60, 'PHONE', '1-931-924-5305 x033'),
(61, 'EMAIL', 'Lora.Zieme@deliveroo.com'),
(61, 'PHONE', '(513) 924-4183 x043'),
(62, 'EMAIL', 'Laura.Blick@deliveroo.com'),
(62, 'PHONE', '461.595.6948 x7740'),
(63, 'EMAIL', 'Marsha_Konopelski-Upton24@deliveroo.com'),
(63, 'PHONE', '1-989-883-5474 x44064'),
(64, 'EMAIL', 'Dr.Myrtle@deliveroo.com'),
(64, 'PHONE', '(344) 460-7142 x68692'),
(65, 'EMAIL', 'Ollie_Kautzer68@deliveroo.com'),
(65, 'PHONE', '1-290-896-4018 x194'),
(66, 'EMAIL', 'Conrad.Conn@deliveroo.com'),
(66, 'PHONE', '460.390.3014 x63432'),
(67, 'EMAIL', 'Ms.Elena82@deliveroo.com'),
(67, 'PHONE', '1-853-206-7706 x0449'),
(68, 'EMAIL', 'Conrad_Tremblay17@deliveroo.com'),
(68, 'PHONE', '(660) 712-9339'),
(69, 'EMAIL', 'Roman.Torp-Tillman73@deliveroo.com'),
(69, 'PHONE', '1-779-308-6786 x5852'),
(70, 'EMAIL', 'Andrew.Green@deliveroo.com'),
(70, 'PHONE', '798-856-1910');


-- Party Roles

INSERT INTO party_role (party_id, role_id, assigned_date) VALUES
(51, 4, '2025-07-15 06:32:29'),
(51, 5, '2024-10-22 04:56:07'),
(52, 5, '2024-07-10 14:53:47'),
(53, 5, '2024-03-09 15:32:44'),
(54, 5, '2025-02-11 13:55:59'),
(55, 5, '2022-02-22 04:48:12'),
(56, 5, '2021-12-06 00:17:56'),
(57, 5, '2023-08-10 19:56:33'),
(58, 1, '2021-02-10 17:50:01'),
(58, 5, '2021-04-03 01:01:04'),
(59, 4, '2022-10-08 02:48:21'),
(60, 4, '2023-10-14 20:48:09'),
(61, 5, '2023-08-22 19:46:49'),
(62, 4, '2025-06-08 04:07:03'),
(63, 5, '2024-12-25 15:30:43'),
(64, 4, '2022-06-02 09:51:00'),
(65, 5, '2025-04-23 14:05:33'),
(66, 4, '2024-06-30 14:16:00'),
(67, 5, '2024-01-03 15:28:33'),
(67, 2, '2024-09-02 21:04:18'),
(68, 5, '2024-09-04 17:28:40'),
(68, 1, '2024-04-15 15:23:05'),
(69, 5, '2025-06-29 19:37:52'),
(70, 5, '2022-03-11 08:15:47');


-- Employee Warehouses

INSERT INTO employee_warehouse (party_id, warehouse_id, assigned_from, assigned_until) VALUES
(51, 1, '2023-11-11 23:49:01', NULL),
(52, 1, '2024-03-22 22:03:31', NULL),
(53, 1, '2023-05-31 11:37:39', NULL),
(54, 1, '2024-01-18 05:26:51', NULL),
(55, 1, '2021-12-30 07:11:17', NULL),
(56, 1, '2020-09-02 16:14:58', NULL),
(57, 1, '2020-12-28 23:07:12', NULL),
(58, 1, '2020-08-22 16:27:29', NULL),
(59, 1, '2021-04-12 05:51:31', NULL),
(60, 1, '2022-08-31 12:23:52', NULL),
(61, 1, '2022-11-02 20:31:30', NULL),
(62, 1, '2024-07-08 14:58:55', NULL),
(63, 1, '2024-01-30 23:56:46', NULL),
(64, 1, '2021-10-13 11:34:17', NULL),
(65, 1, '2023-03-07 09:10:41', NULL),
(66, 1, '2024-03-02 22:06:53', NULL),
(67, 1, '2023-06-10 01:29:07', NULL),
(68, 1, '2021-12-25 18:23:36', NULL),
(69, 1, '2024-07-13 06:47:26', NULL),
(70, 1, '2021-04-11 00:57:18', NULL);


-- Cargo Event Types

INSERT INTO cargo_event_type (event_type_id, name, description) VALUES
(1, 'RECEIVED', 'Cargo received at warehouse'),
(2, 'MOVED', 'Cargo moved to another shelf'),
(3, 'DISPATCHED', 'Cargo dispatched from warehouse'),
(4, 'DAMAGED', 'Cargo found damaged'),
(5, 'LOST', 'Cargo missing or lost'),
(6, 'CONTRACTOR_CONTACT', 'Contact with contractor regarding storage'),
(7, 'QUALITY_ISSUE', 'Quality-related issue reported'),
(8, 'SAFETY_INCIDENT', 'Safety or accident incident reported');


-- Zones

INSERT INTO zone (zone_id, warehouse_id, name, description) VALUES
(1, 1, 'Bulk Storage Area', 'Area for storing large quantities of goods, usually on pallets.'),
(2, 1, 'Receiving Area', 'Zone designated for unloading and inspecting incoming goods.'),
(3, 1, 'Picking Area', 'Zone where items are picked to fulfill orders.'),
(4, 1, 'Packing Area', 'Area for packing picked items and preparing them for shipment.'),
(5, 1, 'Shipping Area', 'Zone for staging and loading outbound shipments.'),
(6, 1, 'Returns Area', 'Designated space for processing returned goods.'),
(7, 1, 'Quarantine/Inspection Area', 'Area for holding goods pending inspection or quality checks.');


-- Aisles

INSERT INTO aisle (aisle_id, zone_id, label, width, width_unit) VALUES
(1, 1, 'Aisle-1', 350, 'cm'),
(2, 1, 'Aisle-2', 250, 'cm'),
(3, 1, 'Aisle-3', 250, 'cm'),
(4, 1, 'Aisle-4', 200, 'cm'),
(5, 1, 'Aisle-5', 200, 'cm'),
(6, 1, 'Aisle-6', 350, 'cm'),
(7, 1, 'Aisle-7', 300, 'cm');


-- Racks

INSERT INTO rack (rack_id, aisle_id, label, max_height, height_unit) VALUES
(1, 1, 'R-001', 500, 'cm'),
(2, 2, 'R-002', 400, 'cm'),
(3, 3, 'R-003', 450, 'cm'),
(4, 4, 'R-004', 450, 'cm'),
(5, 5, 'R-005', 450, 'cm'),
(6, 6, 'R-006', 500, 'cm'),
(7, 7, 'R-007', 350, 'cm'),
(8, 1, 'R-008', 450, 'cm'),
(9, 2, 'R-009', 500, 'cm'),
(10, 3, 'R-010', 400, 'cm');


-- Shelves

INSERT INTO shelf (shelf_id, rack_id, level, max_weight, max_volume) VALUES
(1, 1, '1', 814, 14),
(2, 2, '2', 835, 15),
(3, 3, '3', 838, 14),
(4, 4, '4', 1106, 6),
(5, 5, '1', 841, 11),
(6, 6, '2', 812, 15),
(7, 7, '3', 816, 13),
(8, 8, '4', 835, 8),
(9, 9, '1', 1081, 13),
(10, 10, '2', 612, 11),
(11, 1, '3', 603, 12),
(12, 2, '4', 1159, 14),
(13, 3, '1', 607, 8),
(14, 4, '2', 868, 6),
(15, 5, '3', 1042, 7);


-- Storage Requests

INSERT INTO storage_request (request_id, warehouse_id, issuing_party_id, requested_entry_date, requested_exit_date, status, decisive_party_id, decision_date) VALUES
(1, 1, 8, '2025-07-10 21:22:25', '2025-07-21 21:22:25', 'REJECTED', NULL, '2025-07-12 21:22:25'),
(2, 1, 31, '2025-06-17 12:21:08', '2025-07-10 12:21:08', 'ACCEPTED', 54, '2025-06-16 12:21:08'),
(3, 1, 6, '2025-07-28 04:19:47', '2025-08-12 04:19:47', 'PENDING', NULL, NULL),
(4, 1, 148, '2025-08-11 00:00:10', '2025-09-05 00:00:10', 'ACCEPTED', 62, '2025-08-07 00:00:10'),
(5, 1, 14, '2025-06-22 08:38:31', '2025-06-30 08:38:31', 'ACCEPTED', 58, '2025-06-21 08:38:31'),
(6, 1, 110, '2025-08-06 07:01:02', '2025-09-01 07:01:02', 'PENDING', NULL, NULL),
(7, 1, 77, '2025-06-23 11:57:34', '2025-07-19 11:57:34', 'PENDING', NULL, NULL),
(8, 1, 41, '2025-06-21 01:19:45', '2025-07-14 01:19:45', 'ACCEPTED', 64, '2025-06-18 01:19:45'),
(9, 1, 118, '2025-08-08 01:46:38', '2025-09-04 01:46:38', 'PENDING', NULL, NULL),
(10, 1, 24, '2025-06-21 17:17:31', '2025-07-09 17:17:31', 'ACCEPTED', 70, '2025-06-17 17:17:31'),
(11, 1, 133, '2025-07-21 15:45:00', '2025-08-18 15:45:00', 'PENDING', NULL, NULL),
(12, 1, 13, '2025-07-14 01:06:56', '2025-07-21 01:06:56', 'REJECTED', 51, '2025-07-13 01:06:56'),
(13, 1, 12, '2025-07-21 11:40:57', '2025-08-11 11:40:57', 'REJECTED', 53, '2025-07-20 11:40:57'),
(14, 1, 82, '2025-08-06 11:25:29', '2025-08-24 11:25:29', 'ACCEPTED', 60, '2025-08-05 11:25:29'),
(15, 1, 114, '2025-07-16 18:53:42', '2025-08-06 18:53:42', 'PENDING', NULL, NULL),
(16, 1, 102, '2025-08-11 20:47:39', '2025-09-05 20:47:39', 'PENDING', NULL, NULL),
(17, 1, 141, '2025-07-25 20:34:53', '2025-08-14 20:34:53', 'PENDING', NULL, NULL),
(18, 1, 123, '2025-07-31 10:58:10', '2025-08-29 10:58:10', 'REJECTED', 59, '2025-07-28 10:58:10'),
(19, 1, 137, '2025-06-30 20:06:55', '2025-07-17 20:06:55', 'ACCEPTED', 53, '2025-06-25 20:06:55'),
(20, 1, 30, '2025-08-08 15:45:29', '2025-08-23 15:45:29', 'REJECTED', 58, '2025-08-05 15:45:29'),
(21, 1, 79, '2025-08-03 03:52:11', '2025-08-22 03:52:11', 'ACCEPTED', 64, '2025-07-31 03:52:11'),
(22, 1, 78, '2025-06-19 04:50:28', '2025-07-12 04:50:28', 'ACCEPTED', 62, '2025-06-17 04:50:28'),
(23, 1, 127, '2025-06-29 13:35:34', '2025-07-29 13:35:34', 'ACCEPTED', 56, '2025-06-27 13:35:34'),
(24, 1, 50, '2025-07-16 10:04:23', '2025-07-28 10:04:23', 'REJECTED', 61, '2025-07-13 10:04:23'),
(25, 1, 18, '2025-07-02 10:15:06', '2025-07-14 10:15:06', 'ACCEPTED', 55, '2025-06-28 10:15:06'),
(26, 1, 45, '2025-07-25 21:09:05', '2025-08-07 21:09:05', 'ACCEPTED', 58, '2025-07-20 21:09:05'),
(27, 1, 3, '2025-06-17 01:11:36', '2025-07-01 01:11:36', 'ACCEPTED', 59, '2025-06-16 01:11:36'),
(28, 1, 146, '2025-08-04 16:58:20', '2025-08-30 16:58:20', 'REJECTED', 59, '2025-08-02 16:58:20'),
(29, 1, 77, '2025-07-27 15:22:22', '2025-08-22 15:22:22', 'ACCEPTED', 58, '2025-07-26 15:22:22'),
(30, 1, 98, '2025-08-05 12:44:20', '2025-09-03 12:44:20', 'REJECTED', NULL, '2025-08-07 12:44:20'),
(31, 1, 11, '2025-07-16 19:30:45', '2025-08-01 19:30:45', 'PENDING', NULL, NULL),
(32, 1, 34, '2025-08-12 01:09:46', '2025-09-08 01:09:46', 'REJECTED', 64, '2025-08-10 01:09:46'),
(33, 1, 127, '2025-06-24 06:54:00', '2025-07-01 06:54:00', 'PENDING', NULL, NULL),
(34, 1, 12, '2025-08-02 16:23:30', '2025-08-20 16:23:30', 'ACCEPTED', 64, '2025-07-30 16:23:30'),
(35, 1, 32, '2025-08-01 09:35:29', '2025-08-16 09:35:29', 'ACCEPTED', 64, '2025-07-30 09:35:29'),
(36, 1, 41, '2025-07-30 19:34:59', '2025-08-14 19:34:59', 'REJECTED', NULL, '2025-07-31 19:34:59'),
(37, 1, 73, '2025-06-17 00:28:39', '2025-06-29 00:28:39', 'REJECTED', 54, '2025-06-14 00:28:39'),
(38, 1, 14, '2025-06-16 17:55:20', '2025-07-16 17:55:20', 'ACCEPTED', 51, '2025-06-15 17:55:20'),
(39, 1, 86, '2025-07-08 02:42:34', '2025-07-31 02:42:34', 'ACCEPTED', 51, '2025-07-03 02:42:34'),
(40, 1, 111, '2025-07-26 07:30:17', '2025-08-18 07:30:17', 'ACCEPTED', 57, '2025-07-24 07:30:17'),
(41, 1, 50, '2025-08-08 07:24:10', '2025-09-01 07:24:10', 'ACCEPTED', 57, '2025-08-05 07:24:10'),
(42, 1, 103, '2025-08-07 14:46:57', '2025-09-06 14:46:57', 'REJECTED', 55, '2025-08-04 14:46:57'),
(43, 1, 139, '2025-08-06 19:15:07', '2025-08-30 19:15:07', 'ACCEPTED', 70, '2025-08-04 19:15:07'),
(44, 1, 114, '2025-07-09 04:13:38', '2025-07-17 04:13:38', 'PENDING', NULL, NULL),
(45, 1, 94, '2025-08-12 02:44:43', '2025-09-06 02:44:43', 'ACCEPTED', 65, '2025-08-08 02:44:43'),
(46, 1, 106, '2025-07-16 01:09:06', '2025-08-03 01:09:06', 'REJECTED', 61, '2025-07-13 01:09:06'),
(47, 1, 13, '2025-07-10 00:20:14', '2025-07-27 00:20:14', 'REJECTED', 56, '2025-07-07 00:20:14'),
(48, 1, 139, '2025-06-25 03:14:41', '2025-07-06 03:14:41', 'ACCEPTED', 54, '2025-06-22 03:14:41'),
(49, 1, 72, '2025-07-13 16:59:22', '2025-08-05 16:59:22', 'ACCEPTED', 55, '2025-07-10 16:59:22'),
(50, 1, 104, '2025-06-26 14:33:43', '2025-07-13 14:33:43', 'PENDING', NULL, NULL),
(51, 1, 91, '2025-07-02 21:28:16', '2025-07-10 21:28:16', 'PENDING', NULL, NULL),
(52, 1, 23, '2025-06-24 03:33:11', '2025-07-01 03:33:11', 'ACCEPTED', 60, '2025-06-21 03:33:11'),
(53, 1, 19, '2025-08-13 23:23:49', '2025-09-06 23:23:49', 'REJECTED', 65, '2025-08-11 23:23:49'),
(54, 1, 107, '2025-08-06 19:55:40', '2025-08-18 19:55:40', 'REJECTED', 64, '2025-08-04 19:55:40'),
(55, 1, 101, '2025-07-22 23:11:14', '2025-08-08 23:11:14', 'PENDING', NULL, NULL),
(56, 1, 115, '2025-07-18 01:34:32', '2025-08-11 01:34:32', 'REJECTED', 55, '2025-07-15 01:34:32'),
(57, 1, 9, '2025-07-02 14:32:05', '2025-07-31 14:32:05', 'ACCEPTED', 70, '2025-07-01 14:32:05'),
(58, 1, 25, '2025-07-25 07:45:46', '2025-08-17 07:45:46', 'ACCEPTED', 67, '2025-07-24 07:45:46'),
(59, 1, 17, '2025-07-15 18:25:02', '2025-07-30 18:25:02', 'ACCEPTED', 56, '2025-07-11 18:25:02'),
(60, 1, 9, '2025-07-12 23:08:22', '2025-08-07 23:08:22', 'PENDING', NULL, NULL),
(61, 1, 98, '2025-06-23 10:22:56', '2025-07-16 10:22:56', 'ACCEPTED', 56, '2025-06-19 10:22:56'),
(62, 1, 113, '2025-06-25 18:29:11', '2025-07-23 18:29:11', 'REJECTED', NULL, '2025-06-27 18:29:11'),
(63, 1, 119, '2025-07-17 15:38:54', '2025-07-24 15:38:54', 'ACCEPTED', 66, '2025-07-15 15:38:54'),
(64, 1, 9, '2025-06-27 04:07:59', '2025-07-18 04:07:59', 'REJECTED', NULL, '2025-06-28 04:07:59'),
(65, 1, 24, '2025-07-12 00:56:06', '2025-08-11 00:56:06', 'ACCEPTED', 65, '2025-07-09 00:56:06'),
(66, 1, 41, '2025-08-04 22:46:20', '2025-08-12 22:46:20', 'REJECTED', 68, '2025-08-03 22:46:20'),
(67, 1, 116, '2025-08-05 15:21:01', '2025-08-13 15:21:01', 'ACCEPTED', 55, '2025-08-02 15:21:01'),
(68, 1, 121, '2025-07-16 11:35:20', '2025-08-15 11:35:20', 'REJECTED', NULL, '2025-07-17 11:35:20'),
(69, 1, 149, '2025-07-06 02:54:45', '2025-07-23 02:54:45', 'ACCEPTED', 51, '2025-07-03 02:54:45'),
(70, 1, 124, '2025-08-03 15:07:15', '2025-08-23 15:07:15', 'REJECTED', 70, '2025-08-02 15:07:15'),
(71, 1, 128, '2025-07-12 22:25:44', '2025-07-20 22:25:44', 'REJECTED', NULL, '2025-07-14 22:25:44'),
(72, 1, 112, '2025-07-22 03:37:09', '2025-07-30 03:37:09', 'PENDING', NULL, NULL),
(73, 1, 11, '2025-07-14 13:38:54', '2025-08-05 13:38:54', 'REJECTED', NULL, '2025-07-15 13:38:54'),
(74, 1, 141, '2025-07-06 13:13:39', '2025-08-03 13:13:39', 'ACCEPTED', 51, '2025-07-05 13:13:39'),
(75, 1, 29, '2025-08-09 09:36:31', '2025-09-03 09:36:31', 'PENDING', NULL, NULL),
(76, 1, 80, '2025-07-01 18:25:08', '2025-07-07 18:25:08', 'REJECTED', 69, '2025-06-28 18:25:08'),
(77, 1, 19, '2025-06-20 09:47:50', '2025-07-04 09:47:50', 'ACCEPTED', 52, '2025-06-15 09:47:50'),
(78, 1, 39, '2025-08-02 12:47:03', '2025-08-18 12:47:03', 'ACCEPTED', 56, '2025-08-01 12:47:03'),
(79, 1, 11, '2025-07-09 01:47:42', '2025-07-22 01:47:42', 'PENDING', NULL, NULL),
(80, 1, 79, '2025-07-09 14:38:48', '2025-07-30 14:38:48', 'REJECTED', 51, '2025-07-07 14:38:48'),
(81, 1, 2, '2025-07-25 11:52:16', '2025-08-01 11:52:16', 'PENDING', NULL, NULL),
(82, 1, 37, '2025-08-07 14:07:16', '2025-08-29 14:07:16', 'PENDING', NULL, NULL),
(83, 1, 10, '2025-08-02 02:25:40', '2025-08-15 02:25:40', 'ACCEPTED', 64, '2025-07-28 02:25:40'),
(84, 1, 23, '2025-07-26 23:19:32', '2025-07-31 23:19:32', 'REJECTED', 69, '2025-07-23 23:19:32'),
(85, 1, 35, '2025-08-01 23:06:59', '2025-08-22 23:06:59', 'PENDING', NULL, NULL),
(86, 1, 31, '2025-07-13 22:18:23', '2025-07-25 22:18:23', 'PENDING', NULL, NULL),
(87, 1, 133, '2025-07-26 10:06:49', '2025-08-22 10:06:49', 'PENDING', NULL, NULL),
(88, 1, 14, '2025-08-12 10:58:29', '2025-08-20 10:58:29', 'REJECTED', 53, '2025-08-10 10:58:29'),
(89, 1, 94, '2025-07-18 20:31:10', '2025-08-13 20:31:10', 'ACCEPTED', 65, '2025-07-17 20:31:10'),
(90, 1, 118, '2025-07-21 19:52:35', '2025-07-28 19:52:35', 'ACCEPTED', 63, '2025-07-19 19:52:35'),
(91, 1, 105, '2025-07-23 10:54:36', '2025-07-28 10:54:36', 'REJECTED', 58, '2025-07-20 10:54:36'),
(92, 1, 21, '2025-06-17 05:04:37', '2025-07-09 05:04:37', 'PENDING', NULL, NULL),
(93, 1, 11, '2025-06-25 05:54:59', '2025-07-19 05:54:59', 'REJECTED', 68, '2025-06-24 05:54:59'),
(94, 1, 23, '2025-07-21 23:37:52', '2025-08-12 23:37:52', 'REJECTED', NULL, '2025-07-22 23:37:52'),
(95, 1, 1, '2025-07-21 20:46:17', '2025-08-01 20:46:17', 'REJECTED', 61, '2025-07-20 20:46:17'),
(96, 1, 101, '2025-07-07 09:50:28', '2025-07-13 09:50:28', 'ACCEPTED', 61, '2025-07-03 09:50:28'),
(97, 1, 88, '2025-07-09 01:00:34', '2025-07-22 01:00:34', 'REJECTED', 66, '2025-07-06 01:00:34'),
(98, 1, 117, '2025-06-27 23:56:18', '2025-07-09 23:56:18', 'PENDING', NULL, NULL),
(99, 1, 146, '2025-07-21 02:42:57', '2025-07-30 02:42:57', 'ACCEPTED', 61, '2025-07-20 02:42:57'),
(100, 1, 145, '2025-07-28 03:53:22', '2025-08-27 03:53:22', 'PENDING', NULL, NULL),
(101, 1, 76, '2025-08-01 16:56:46', '2025-08-27 16:56:46', 'PENDING', NULL, NULL),
(102, 1, 6, '2025-07-15 22:01:08', '2025-07-22 22:01:08', 'REJECTED', NULL, '2025-07-17 22:01:08'),
(103, 1, 151, '2025-07-07 06:32:49', '2025-07-21 06:32:49', 'PENDING', NULL, NULL),
(104, 1, 118, '2025-07-03 11:22:45', '2025-07-16 11:22:45', 'REJECTED', 57, '2025-07-02 11:22:45'),
(105, 1, 107, '2025-07-30 05:00:19', '2025-08-23 05:00:19', 'PENDING', NULL, NULL),
(106, 1, 121, '2025-06-29 03:45:41', '2025-07-26 03:45:41', 'PENDING', NULL, NULL),
(107, 1, 35, '2025-07-26 23:51:16', '2025-08-18 23:51:16', 'PENDING', NULL, NULL),
(108, 1, 5, '2025-07-01 18:26:55', '2025-07-13 18:26:55', 'PENDING', NULL, NULL),
(109, 1, 149, '2025-07-05 12:26:05', '2025-07-27 12:26:05', 'PENDING', NULL, NULL),
(110, 1, 151, '2025-06-17 17:27:40', '2025-06-25 17:27:40', 'ACCEPTED', 53, '2025-06-13 17:27:40'),
(111, 1, 86, '2025-07-22 13:00:38', '2025-08-04 13:00:38', 'PENDING', NULL, NULL),
(112, 1, 50, '2025-06-18 17:17:48', '2025-07-03 17:17:48', 'ACCEPTED', 61, '2025-06-14 17:17:48'),
(113, 1, 1, '2025-07-24 19:18:23', '2025-08-09 19:18:23', 'REJECTED', 52, '2025-07-21 19:18:23'),
(114, 1, 89, '2025-07-27 14:12:48', '2025-08-02 14:12:48', 'PENDING', NULL, NULL),
(115, 1, 110, '2025-08-06 11:40:28', '2025-09-02 11:40:28', 'PENDING', NULL, NULL),
(116, 1, 12, '2025-08-13 17:22:03', '2025-08-23 17:22:03', 'REJECTED', 55, '2025-08-10 17:22:03'),
(117, 1, 39, '2025-07-30 01:37:18', '2025-08-05 01:37:18', 'REJECTED', 62, '2025-07-27 01:37:18'),
(118, 1, 80, '2025-06-19 04:59:29', '2025-07-03 04:59:29', 'PENDING', NULL, NULL),
(119, 1, 89, '2025-06-20 16:32:36', '2025-06-28 16:32:36', 'PENDING', NULL, NULL),
(120, 1, 10, '2025-08-07 05:26:23', '2025-09-03 05:26:23', 'PENDING', NULL, NULL),
(121, 1, 9, '2025-07-06 18:48:40', '2025-07-25 18:48:40', 'ACCEPTED', 69, '2025-07-05 18:48:40'),
(122, 1, 79, '2025-08-13 11:57:25', '2025-09-11 11:57:25', 'REJECTED', 58, '2025-08-12 11:57:25'),
(123, 1, 112, '2025-08-07 18:11:49', '2025-09-06 18:11:49', 'REJECTED', 63, '2025-08-04 18:11:49'),
(124, 1, 129, '2025-07-05 12:42:16', '2025-07-11 12:42:16', 'PENDING', NULL, NULL),
(125, 1, 84, '2025-07-14 08:56:49', '2025-07-21 08:56:49', 'REJECTED', 70, '2025-07-13 08:56:49'),
(126, 1, 6, '2025-07-07 08:55:57', '2025-08-01 08:55:57', 'PENDING', NULL, NULL),
(127, 1, 80, '2025-08-09 22:33:42', '2025-08-17 22:33:42', 'REJECTED', 62, '2025-08-07 22:33:42'),
(128, 1, 82, '2025-08-04 02:45:54', '2025-09-02 02:45:54', 'REJECTED', 57, '2025-08-02 02:45:54'),
(129, 1, 128, '2025-08-08 05:57:54', '2025-08-22 05:57:54', 'PENDING', NULL, NULL),
(130, 1, 101, '2025-08-07 22:21:54', '2025-08-21 22:21:54', 'ACCEPTED', 54, '2025-08-02 22:21:54'),
(131, 1, 24, '2025-07-17 18:44:14', '2025-07-28 18:44:14', 'ACCEPTED', 64, '2025-07-13 18:44:14'),
(132, 1, 104, '2025-07-07 03:00:57', '2025-07-15 03:00:57', 'PENDING', NULL, NULL),
(133, 1, 110, '2025-06-28 14:28:49', '2025-07-16 14:28:49', 'PENDING', NULL, NULL),
(134, 1, 77, '2025-08-02 14:00:37', '2025-08-31 14:00:37', 'PENDING', NULL, NULL),
(135, 1, 2, '2025-07-11 05:27:22', '2025-08-05 05:27:22', 'REJECTED', 52, '2025-07-10 05:27:22'),
(136, 1, 143, '2025-07-31 01:41:13', '2025-08-25 01:41:13', 'PENDING', NULL, NULL),
(137, 1, 93, '2025-07-16 21:25:13', '2025-07-27 21:25:13', 'ACCEPTED', 54, '2025-07-11 21:25:13'),
(138, 1, 23, '2025-07-09 20:55:23', '2025-07-28 20:55:23', 'ACCEPTED', 63, '2025-07-04 20:55:23'),
(139, 1, 111, '2025-08-03 13:08:22', '2025-08-28 13:08:22', 'ACCEPTED', 65, '2025-08-01 13:08:22'),
(140, 1, 87, '2025-07-23 17:19:53', '2025-07-30 17:19:53', 'REJECTED', 53, '2025-07-22 17:19:53'),
(141, 1, 33, '2025-07-07 06:02:34', '2025-08-06 06:02:34', 'PENDING', NULL, NULL),
(142, 1, 28, '2025-06-27 13:05:05', '2025-07-27 13:05:05', 'ACCEPTED', 58, '2025-06-23 13:05:05'),
(143, 1, 95, '2025-07-01 06:19:42', '2025-07-07 06:19:42', 'ACCEPTED', 69, '2025-06-29 06:19:42'),
(144, 1, 94, '2025-07-27 17:44:41', '2025-08-23 17:44:41', 'PENDING', NULL, NULL),
(145, 1, 3, '2025-07-28 15:01:15', '2025-08-04 15:01:15', 'ACCEPTED', 59, '2025-07-24 15:01:15'),
(146, 1, 18, '2025-07-27 21:48:18', '2025-08-02 21:48:18', 'PENDING', NULL, NULL),
(147, 1, 36, '2025-08-08 12:42:39', '2025-08-15 12:42:39', 'ACCEPTED', 60, '2025-08-04 12:42:39'),
(148, 1, 129, '2025-07-01 08:30:54', '2025-07-30 08:30:54', 'PENDING', NULL, NULL),
(149, 1, 144, '2025-07-12 02:36:59', '2025-08-02 02:36:59', 'REJECTED', 64, '2025-07-10 02:36:59'),
(150, 1, 48, '2025-07-28 07:19:42', '2025-08-08 07:19:42', 'REJECTED', 67, '2025-07-26 07:19:42'),
(151, 1, 104, '2025-08-11 06:00:40', '2025-08-31 06:00:40', 'PENDING', NULL, NULL),
(152, 1, 42, '2025-06-25 15:29:36', '2025-07-18 15:29:36', 'PENDING', NULL, NULL),
(153, 1, 1, '2025-07-27 03:17:11', '2025-08-08 03:17:11', 'ACCEPTED', 57, '2025-07-24 03:17:11'),
(154, 1, 85, '2025-07-04 00:12:33', '2025-08-01 00:12:33', 'REJECTED', 56, '2025-07-01 00:12:33'),
(155, 1, 139, '2025-08-13 04:02:15', '2025-08-24 04:02:15', 'PENDING', NULL, NULL),
(156, 1, 117, '2025-07-04 14:10:42', '2025-07-18 14:10:42', 'ACCEPTED', 68, '2025-06-30 14:10:42'),
(157, 1, 98, '2025-06-21 18:10:34', '2025-06-30 18:10:34', 'REJECTED', 68, '2025-06-20 18:10:34'),
(158, 1, 147, '2025-07-01 13:33:37', '2025-07-24 13:33:37', 'ACCEPTED', 69, '2025-06-26 13:33:37'),
(159, 1, 117, '2025-07-03 09:32:51', '2025-07-27 09:32:51', 'REJECTED', 64, '2025-07-01 09:32:51'),
(160, 1, 13, '2025-08-08 10:09:54', '2025-09-05 10:09:54', 'PENDING', NULL, NULL),
(161, 1, 147, '2025-06-22 00:04:22', '2025-07-21 00:04:22', 'PENDING', NULL, NULL),
(162, 1, 114, '2025-07-15 02:22:48', '2025-07-20 02:22:48', 'ACCEPTED', 53, '2025-07-14 02:22:48'),
(163, 1, 36, '2025-06-21 22:46:37', '2025-07-01 22:46:37', 'ACCEPTED', 66, '2025-06-19 22:46:37'),
(164, 1, 4, '2025-08-07 06:06:21', '2025-08-26 06:06:21', 'PENDING', NULL, NULL),
(165, 1, 113, '2025-08-05 00:42:01', '2025-08-12 00:42:01', 'ACCEPTED', 61, '2025-07-31 00:42:01'),
(166, 1, 85, '2025-07-23 19:51:40', '2025-08-01 19:51:40', 'REJECTED', 57, '2025-07-20 19:51:40'),
(167, 1, 110, '2025-06-27 10:52:22', '2025-07-04 10:52:22', 'ACCEPTED', 53, '2025-06-23 10:52:22'),
(168, 1, 32, '2025-06-27 19:24:03', '2025-07-26 19:24:03', 'ACCEPTED', 58, '2025-06-25 19:24:03'),
(169, 1, 8, '2025-07-20 04:37:10', '2025-08-11 04:37:10', 'ACCEPTED', 63, '2025-07-15 04:37:10'),
(170, 1, 105, '2025-07-08 21:50:52', '2025-07-30 21:50:52', 'REJECTED', 62, '2025-07-05 21:50:52'),
(171, 1, 152, '2025-08-07 02:06:40', '2025-08-16 02:06:40', 'PENDING', NULL, NULL),
(172, 1, 31, '2025-07-15 03:45:01', '2025-07-30 03:45:01', 'PENDING', NULL, NULL),
(173, 1, 10, '2025-06-29 01:52:06', '2025-07-28 01:52:06', 'REJECTED', NULL, '2025-07-01 01:52:06'),
(174, 1, 34, '2025-07-26 17:17:01', '2025-08-02 17:17:01', 'ACCEPTED', 55, '2025-07-24 17:17:01'),
(175, 1, 5, '2025-08-01 19:22:28', '2025-08-25 19:22:28', 'ACCEPTED', 69, '2025-07-29 19:22:28'),
(176, 1, 150, '2025-06-17 03:16:22', '2025-07-09 03:16:22', 'REJECTED', 61, '2025-06-15 03:16:22'),
(177, 1, 134, '2025-08-10 11:26:28', '2025-09-03 11:26:28', 'ACCEPTED', 59, '2025-08-05 11:26:28'),
(178, 1, 36, '2025-07-09 10:51:27', '2025-08-07 10:51:27', 'ACCEPTED', 63, '2025-07-04 10:51:27'),
(179, 1, 116, '2025-08-05 19:25:37', '2025-08-12 19:25:37', 'REJECTED', NULL, '2025-08-07 19:25:37'),
(180, 1, 81, '2025-07-22 06:50:56', '2025-07-27 06:50:56', 'ACCEPTED', 57, '2025-07-21 06:50:56'),
(181, 1, 30, '2025-08-14 05:06:52', '2025-08-20 05:06:52', 'REJECTED', 55, '2025-08-11 05:06:52'),
(182, 1, 3, '2025-07-30 21:01:08', '2025-08-06 21:01:08', 'ACCEPTED', 56, '2025-07-26 21:01:08'),
(183, 1, 20, '2025-07-05 23:03:29', '2025-07-15 23:03:29', 'PENDING', NULL, NULL),
(184, 1, 93, '2025-07-06 18:47:49', '2025-07-20 18:47:49', 'PENDING', NULL, NULL),
(185, 1, 99, '2025-07-09 16:18:40', '2025-07-15 16:18:40', 'REJECTED', 61, '2025-07-08 16:18:40'),
(186, 1, 11, '2025-08-12 02:51:38', '2025-08-27 02:51:38', 'PENDING', NULL, NULL),
(187, 1, 83, '2025-07-10 21:10:08', '2025-07-19 21:10:08', 'REJECTED', NULL, '2025-07-12 21:10:08'),
(188, 1, 81, '2025-08-07 19:21:04', '2025-08-18 19:21:04', 'REJECTED', 57, '2025-08-05 19:21:04'),
(189, 1, 79, '2025-07-21 15:40:08', '2025-08-04 15:40:08', 'PENDING', NULL, NULL),
(190, 1, 146, '2025-06-26 09:43:21', '2025-07-15 09:43:21', 'PENDING', NULL, NULL),
(191, 1, 75, '2025-06-18 18:41:55', '2025-07-01 18:41:55', 'REJECTED', 58, '2025-06-15 18:41:55'),
(192, 1, 77, '2025-08-11 16:22:23', '2025-08-27 16:22:23', 'REJECTED', NULL, '2025-08-11 16:22:23'),
(193, 1, 49, '2025-07-11 00:23:14', '2025-08-02 00:23:14', 'REJECTED', NULL, '2025-07-13 00:23:14'),
(194, 1, 34, '2025-06-30 02:20:13', '2025-07-16 02:20:13', 'PENDING', NULL, NULL),
(195, 1, 104, '2025-07-19 22:21:04', '2025-08-03 22:21:04', 'REJECTED', 54, '2025-07-16 22:21:04'),
(196, 1, 97, '2025-07-29 21:18:33', '2025-08-18 21:18:33', 'REJECTED', 59, '2025-07-26 21:18:33'),
(197, 1, 142, '2025-07-27 08:28:09', '2025-08-12 08:28:09', 'ACCEPTED', 54, '2025-07-25 08:28:09'),
(198, 1, 101, '2025-07-26 19:15:53', '2025-08-05 19:15:53', 'ACCEPTED', 61, '2025-07-21 19:15:53'),
(199, 1, 50, '2025-08-01 00:44:06', '2025-08-09 00:44:06', 'REJECTED', 65, '2025-07-30 00:44:06'),
(200, 1, 92, '2025-08-12 09:07:15', '2025-08-20 09:07:15', 'REJECTED', 53, '2025-08-10 09:07:15');


-- Storage Reservations

INSERT INTO storage_reservation (reservation_id, request_id, party_id, shelf_id, reserved_weight, reserved_volume, reserved_from, reserved_until, status) VALUES
(5, 10, 24, 3, 300.46, 1.73, '2025-06-21 17:17:31', '2025-07-09 17:17:31', 'EXPIRED'),
(8, 21, 79, 6, 760.21, 5.26, '2025-08-03 03:52:11', '2025-08-22 03:52:11', 'CANCELLED'),
(10, 23, 127, 15, 390.11, 3.51, '2025-06-29 13:35:34', '2025-07-29 13:35:34', 'ACTIVE'),
(13, 27, 3, 5, 569.7, 1.55, '2025-06-17 01:11:36', '2025-07-01 01:11:36', 'EXPIRED'),
(16, 35, 32, 5, 411.47, 1.66, '2025-08-01 09:35:29', '2025-08-16 09:35:29', 'EXPIRED'),
(17, 38, 14, 11, 630.19, 6.03, '2025-06-16 17:55:20', '2025-07-16 17:55:20', 'EXPIRED'),
(20, 41, 50, 7, 757.53, 1.33, '2025-08-08 07:24:10', '2025-09-01 07:24:10', 'ACTIVE'),
(26, 57, 9, 2, 839.16, 8.68, '2025-07-02 14:32:05', '2025-07-31 14:32:05', 'ACTIVE'),
(28, 59, 17, 9, 884.74, 5.54, '2025-07-15 18:25:02', '2025-07-30 18:25:02', 'ACTIVE'),
(30, 63, 119, 2, 742.39, 6.42, '2025-07-17 15:38:54', '2025-07-24 15:38:54', 'ACTIVE'),
(34, 74, 141, 5, 998.21, 8.19, '2025-07-06 13:13:39', '2025-08-03 13:13:39', 'ACTIVE'),
(37, 83, 10, 10, 496.17, 4.52, '2025-08-02 02:25:40', '2025-08-15 02:25:40', 'ACTIVE'),
(39, 90, 118, 7, 732.9, 3, '2025-07-21 19:52:35', '2025-07-28 19:52:35', 'PENDING'),
(42, 110, 151, 6, 214.75, 6.52, '2025-06-17 17:27:40', '2025-06-25 17:27:40', 'EXPIRED'),
(43, 112, 50, 3, 573.03, 5.08, '2025-06-18 17:17:48', '2025-07-03 17:17:48', 'CANCELLED'),
(44, 121, 9, 4, 314.29, 4.28, '2025-07-06 18:48:40', '2025-07-25 18:48:40', 'ACTIVE'),
(45, 130, 101, 9, 384.16, 6.22, '2025-08-07 22:21:54', '2025-08-21 22:21:54', 'CANCELLED'),
(46, 131, 24, 9, 488.54, 4.19, '2025-07-17 18:44:14', '2025-07-28 18:44:14', 'ACTIVE'),
(47, 137, 93, 10, 700.95, 6.22, '2025-07-16 21:25:13', '2025-07-27 21:25:13', 'CANCELLED'),
(49, 139, 111, 15, 835.96, 4.04, '2025-08-03 13:08:22', '2025-08-28 13:08:22', 'EXPIRED'),
(51, 143, 95, 4, 494.87, 6.92, '2025-07-01 06:19:42', '2025-07-07 06:19:42', 'EXPIRED'),
(52, 145, 3, 3, 154.49, 5.27, '2025-07-28 15:01:15', '2025-08-04 15:01:15', 'EXPIRED'),
(53, 147, 36, 7, 250.97, 1.11, '2025-08-08 12:42:39', '2025-08-15 12:42:39', 'EXPIRED'),
(54, 153, 1, 4, 316.68, 9.95, '2025-07-27 03:17:11', '2025-08-08 03:17:11', 'PENDING'),
(56, 158, 147, 14, 990.08, 4.46, '2025-07-01 13:33:37', '2025-07-24 13:33:37', 'ACTIVE'),
(59, 165, 113, 4, 146.82, 3.54, '2025-08-05 00:42:01', '2025-08-12 00:42:01', 'CANCELLED'),
(61, 168, 32, 13, 353.73, 4.32, '2025-06-27 19:24:03', '2025-07-26 19:24:03', 'ACTIVE'),
(63, 174, 34, 6, 283.77, 4.94, '2025-07-26 17:17:01', '2025-08-02 17:17:01', 'PENDING');


-- Storage Records

INSERT INTO storage_record (storage_record_id, request_id, party_id, shelf_id, actual_entry_date, actual_exit_date, cargo_description, cargo_weight, cargo_volume) VALUES
(1, 1, 35, 1, '2025-07-08 13:36:56', '2025-07-15 13:36:56', 'Testimonium viridis turba bos.', 518.73, 8.46),
(2, 2, 39, 2, '2025-06-24 18:24:42', '2025-07-04 18:24:42', 'Voluptatibus depopulo cupiditate deficio.', 579.35, 3.45),
(3, 3, 146, 3, '2025-06-30 10:02:35', '2025-07-08 10:02:35', 'Consequuntur calcar nisi tam.', 956.25, 4.42),
(4, 4, 8, 4, '2025-07-02 14:47:07', '2025-07-03 14:47:07', 'Compono tristis timidus vero.', 619.82, 8.35);


-- Cargo Event History

INSERT INTO cargo_event_history (event_id, party_id, storage_record_id, event_type_id, event_time, details) VALUES
(1, 64, 1, 1, '2025-06-27 23:49:34', '{"note":"Doloremque coruscus quisquam tubineus ancilla quod comitatus stella surculus.","performed_by":"Bonnie Goldner MD","location":"cuius"}'::jsonb),
(2, 56, 2, 2, '2025-07-15 16:24:37', '{"note":"Adopto depraedor vicissitudo triduana video cuius curatio adipisci crur.","performed_by":"Theresa Price Sr.","location":"vero"}'::jsonb),
(3, 68, 3, 3, '2025-06-22 16:35:31', '{"note":"Una ratione amplexus vulariter attollo aqua denuo baiulus apud.","performed_by":"Ron Wintheiser","location":"arca"}'::jsonb),
(4, 60, 4, 4, '2025-06-17 06:40:24', '{"note":"Exercitationem demergo calco inventore.","performed_by":"Fred Bartoletti","location":"talus"}'::jsonb);


-- Payments

INSERT INTO payment (payment_id, storage_record_id, party_id, amount, currency, status, payment_date, external_reference) VALUES
(1, 1, 141, 1454.56, 'EUR', 'CANCELLED', '2025-07-04 17:08:23', 'PAY-20250716-0001'),
(2, 2, 110, 1404.32, 'USD', 'PENDING', NULL, 'PAY-20250716-0002'),
(3, 3, 7, 1300.6, 'USD', 'PENDING', NULL, 'PAY-20250716-0003'),
(4, 4, 45, 690.51, 'PLN', 'FAILED', '2025-07-06 01:54:28', 'PAY-20250716-0004'),
(5, 1, 123, 1762.49, 'USD', 'PAID', '2025-07-02 06:43:29', 'PAY-20250716-0005'),
(6, 2, 125, 542.37, 'EUR', 'PENDING', NULL, 'PAY-20250716-0006'),
(7, 3, 74, 1224.28, 'EUR', 'PAID', '2025-06-30 11:44:54', 'PAY-20250716-0007'),
(8, 4, 84, 1451.17, 'USD', 'CANCELLED', '2025-06-21 07:32:40', 'PAY-20250716-0008'),
(9, 1, 25, 693.94, 'USD', 'FAILED', '2025-07-03 06:45:00', 'PAY-20250716-0009'),
(10, 2, 138, 941.69, 'PLN', 'FAILED', '2025-07-16 00:00:20', 'PAY-20250716-0010'),
(11, 3, 8, 1427.15, 'EUR', 'FAILED', '2025-07-13 02:06:05', 'PAY-20250716-0011'),
(12, 4, 115, 724.61, 'EUR', 'PENDING', NULL, 'PAY-20250716-0012'),
(13, 1, 113, 1881.55, 'PLN', 'PENDING', NULL, 'PAY-20250716-0013'),
(14, 2, 9, 1946.45, 'PLN', 'PENDING', NULL, 'PAY-20250716-0014'),
(15, 3, 11, 858.54, 'EUR', 'CANCELLED', '2025-07-03 04:12:34', 'PAY-20250716-0015'),
(16, 4, 136, 1742.26, 'PLN', 'PENDING', NULL, 'PAY-20250716-0016'),
(17, 1, 50, 879.15, 'USD', 'FAILED', '2025-06-17 19:45:35', 'PAY-20250716-0017'),
(18, 2, 33, 1304.85, 'EUR', 'CANCELLED', '2025-07-12 05:12:18', 'PAY-20250716-0018'),
(19, 3, 93, 709.81, 'PLN', 'FAILED', '2025-06-20 17:58:31', 'PAY-20250716-0019'),
(20, 4, 132, 562.37, 'PLN', 'PENDING', NULL, 'PAY-20250716-0020'),
(21, 1, 5, 1818.39, 'PLN', 'PENDING', NULL, 'PAY-20250716-0021'),
(22, 2, 35, 1247.85, 'EUR', 'CANCELLED', '2025-07-12 20:58:19', 'PAY-20250716-0022'),
(23, 3, 126, 1209.36, 'EUR', 'PAID', '2025-07-14 06:50:11', 'PAY-20250716-0023'),
(24, 4, 15, 1263.28, 'PLN', 'PAID', '2025-07-07 07:45:43', 'PAY-20250716-0024'),
(25, 1, 137, 1227.36, 'PLN', 'PENDING', NULL, 'PAY-20250716-0025'),
(26, 2, 110, 688.13, 'PLN', 'CANCELLED', '2025-07-04 12:00:29', 'PAY-20250716-0026'),
(27, 3, 97, 1874.21, 'EUR', 'PAID', '2025-06-19 13:45:15', 'PAY-20250716-0027'),
(28, 4, 7, 943.75, 'USD', 'FAILED', '2025-06-21 06:22:18', 'PAY-20250716-0028'),
(29, 1, 7, 1325.57, 'EUR', 'PENDING', NULL, 'PAY-20250716-0029'),
(30, 2, 32, 795.94, 'PLN', 'PAID', '2025-07-14 19:38:03', 'PAY-20250716-0030'),
(31, 3, 40, 1269.73, 'USD', 'CANCELLED', '2025-07-07 23:47:54', 'PAY-20250716-0031'),
(32, 4, 76, 1189.38, 'EUR', 'CANCELLED', '2025-07-03 11:36:37', 'PAY-20250716-0032'),
(33, 1, 72, 957.47, 'EUR', 'FAILED', '2025-06-29 01:36:52', 'PAY-20250716-0033'),
(34, 2, 32, 975.81, 'USD', 'PENDING', NULL, 'PAY-20250716-0034'),
(35, 3, 31, 1063.05, 'EUR', 'PENDING', NULL, 'PAY-20250716-0035'),
(36, 4, 105, 1425.09, 'PLN', 'CANCELLED', '2025-07-12 19:36:17', 'PAY-20250716-0036'),
(37, 1, 82, 1935.83, 'USD', 'PAID', '2025-07-08 12:18:15', 'PAY-20250716-0037'),
(38, 2, 1, 661.66, 'PLN', 'FAILED', '2025-07-13 04:21:37', 'PAY-20250716-0038'),
(39, 3, 18, 1933.51, 'PLN', 'PENDING', NULL, 'PAY-20250716-0039'),
(40, 4, 24, 1460.75, 'EUR', 'PAID', '2025-07-04 22:19:56', 'PAY-20250716-0040');