
-- SQL generated by wms-data-generator
-- DO NOT EDIT THIS FILE MANUALLY
-- Edit the create-wms-schema.sql file instead
--
-- 🚚🚚🚚🚚🚚🚚🚚🚚🚚🚚🚚🚚🚚🚚
-- 🚚 DELIVEROO (C) 2025 🚚
-- 🚚   SHIP THAT SHIT   🚚
-- 🚚   Spółka Akcyjna   🚚
-- 🚚🚚🚚🚚🚚🚚🚚🚚🚚🚚🚚🚚🚚🚚
--
-- Zatrudniamy! https://shorturl.at/G98Ej


-- Clean up previous tables
DROP TABLE IF EXISTS cargo_event_history CASCADE;
DROP TABLE IF EXISTS cargo_event_type CASCADE;
DROP TABLE IF EXISTS payment CASCADE;
DROP TABLE IF EXISTS storage_record CASCADE;
DROP TABLE IF EXISTS storage_reservation CASCADE;
DROP TABLE IF EXISTS storage_request CASCADE;
DROP TABLE IF EXISTS employee_warehouse CASCADE;
DROP TABLE IF EXISTS party_role CASCADE;
DROP TABLE IF EXISTS role CASCADE;
DROP TABLE IF EXISTS address CASCADE;
DROP TABLE IF EXISTS party_relationship CASCADE;
DROP TABLE IF EXISTS party_contact CASCADE;
DROP TABLE IF EXISTS party CASCADE;
DROP TABLE IF EXISTS capacity CASCADE;
DROP TABLE IF EXISTS shelf CASCADE;
DROP TABLE IF EXISTS rack CASCADE;
DROP TABLE IF EXISTS aisle CASCADE;
DROP TABLE IF EXISTS zone CASCADE;
DROP TABLE IF EXISTS warehouse CASCADE;
DROP TABLE IF EXISTS location CASCADE;

-- 1. LOCATIONS
CREATE TABLE location (
    location_id SERIAL PRIMARY KEY,
    address TEXT NOT NULL,
    city TEXT NOT NULL,
    postal_code TEXT NOT NULL,
    country TEXT NOT NULL
);

-- 2. WAREHOUSES
CREATE TABLE warehouse (
    warehouse_id SERIAL PRIMARY KEY,
    location_id INTEGER NOT NULL REFERENCES location(location_id),
    name TEXT NOT NULL,
    description TEXT NOT NULL
);
-- Basic FK index only
CREATE INDEX idx_warehouse_location_id ON warehouse(location_id);

-- 3. ZONES
CREATE TABLE zone (
    zone_id SERIAL PRIMARY KEY,
    warehouse_id INTEGER NOT NULL REFERENCES warehouse(warehouse_id),
    name TEXT NOT NULL,
    description TEXT NOT NULL
);
CREATE INDEX idx_zone_warehouse_id ON zone(warehouse_id);

-- 4. AISLES
CREATE TABLE aisle (
    aisle_id SERIAL PRIMARY KEY,
    zone_id INTEGER NOT NULL REFERENCES zone(zone_id),
    label TEXT NOT NULL,
    width INTEGER NOT NULL,
    width_unit TEXT NOT NULL
);
CREATE INDEX idx_aisle_zone_id ON aisle(zone_id);

-- 5. RACKS
CREATE TABLE rack (
    rack_id SERIAL PRIMARY KEY,
    aisle_id INTEGER NOT NULL REFERENCES aisle(aisle_id),
    label TEXT NOT NULL,
    max_height INTEGER NOT NULL,
    height_unit TEXT NOT NULL
);
CREATE INDEX idx_rack_aisle_id ON rack(aisle_id);

-- 6. SHELVES
CREATE TABLE shelf (
    shelf_id SERIAL PRIMARY KEY,
    rack_id INTEGER NOT NULL REFERENCES rack(rack_id),
    level TEXT NOT NULL,
    max_weight NUMERIC NOT NULL,
    max_volume NUMERIC NOT NULL
);
CREATE INDEX idx_shelf_rack_id ON shelf(rack_id);

-- 7. CAPACITY
CREATE TABLE capacity (
    capacity_id SERIAL PRIMARY KEY,
    entity_type TEXT NOT NULL CHECK (entity_type IN ('WAREHOUSE','ZONE','RACK','SHELF')),
    entity_id INTEGER NOT NULL,
    value NUMERIC NOT NULL,
    unit TEXT NOT NULL,
    description TEXT
);
-- Composite index exists, but likely insufficient for complex aggregations without covering columns
CREATE INDEX idx_capacity_entity ON capacity(entity_type, entity_id);

-- 8. PARTY
CREATE TABLE party (
    party_id SERIAL PRIMARY KEY,
    name TEXT NOT NULL,
    contact_email TEXT, -- Important: No index here implies full scan on search
    contact_phone TEXT,
    data JSONB, -- Important: No GIN index here
    created_at TIMESTAMP NOT NULL DEFAULT CURRENT_TIMESTAMP,
    updated_at TIMESTAMP NOT NULL DEFAULT CURRENT_TIMESTAMP
);

-- 9. PARTY CONTACTS
CREATE TABLE party_contact (
    contact_id SERIAL PRIMARY KEY,
    party_id INTEGER NOT NULL REFERENCES party(party_id) ON DELETE CASCADE,
    type TEXT NOT NULL,
    details TEXT NOT NULL
);
CREATE INDEX idx_party_contact_party_id ON party_contact(party_id);

-- 10. PARTY RELATIONSHIP
CREATE TABLE party_relationship (
    relationship_id SERIAL PRIMARY KEY,
    party_id_primary INTEGER NOT NULL REFERENCES party(party_id) ON DELETE CASCADE,
    party_id_secondary INTEGER NOT NULL REFERENCES party(party_id) ON DELETE CASCADE,
    relationship_type TEXT NOT NULL,
    valid_from TIMESTAMP,
    valid_to TIMESTAMP,
    notes TEXT
);
CREATE INDEX idx_party_relationship_primary ON party_relationship(party_id_primary);
CREATE INDEX idx_party_relationship_secondary ON party_relationship(party_id_secondary);

-- 11. ADDRESS
CREATE TABLE address (
    address_id UUID PRIMARY KEY DEFAULT gen_random_uuid(),
    party_id INTEGER NOT NULL REFERENCES party(party_id) ON DELETE CASCADE,
    street_address TEXT NOT NULL,
    city TEXT NOT NULL,
    country TEXT NOT NULL,
    postal_code TEXT NOT NULL,
    address_type TEXT NOT NULL CHECK (address_type IN ('BILLING','SHIPPING','CORPORATE','PERSONAL','OTHER'))
);
CREATE INDEX idx_address_party_id ON address(party_id);

-- 12. ROLES
CREATE TABLE role (
    role_id SERIAL PRIMARY KEY,
    name TEXT NOT NULL CHECK (name IN ('DIRECTOR','WAREHOUSE_MANAGER','LOGISTICS_COORDINATOR','STORAGE_APPROVER','OPERATOR')),
    description TEXT NOT NULL
);
CREATE UNIQUE INDEX idx_role_name ON role(name);

-- 13. PARTY ROLES
CREATE TABLE party_role (
    party_id INTEGER NOT NULL REFERENCES party(party_id) ON DELETE CASCADE,
    role_id INTEGER NOT NULL REFERENCES role(role_id) ON DELETE CASCADE,
    assigned_date TIMESTAMP NOT NULL DEFAULT CURRENT_TIMESTAMP,
    PRIMARY KEY (party_id, role_id)
);
CREATE INDEX idx_party_role_party_id ON party_role(party_id);
CREATE INDEX idx_party_role_role_id ON party_role(role_id);

-- 14. EMPLOYEE-WAREHOUSE
CREATE TABLE employee_warehouse (
    party_id INTEGER NOT NULL REFERENCES party(party_id) ON DELETE CASCADE,
    warehouse_id INTEGER NOT NULL REFERENCES warehouse(warehouse_id) ON DELETE CASCADE,
    assigned_from TIMESTAMP NOT NULL DEFAULT CURRENT_TIMESTAMP,
    assigned_until TIMESTAMP,
    PRIMARY KEY (party_id, warehouse_id, assigned_from)
);
CREATE INDEX idx_employee_warehouse_party_id ON employee_warehouse(party_id);
CREATE INDEX idx_employee_warehouse_warehouse ON employee_warehouse(warehouse_id);

-- 15. STORAGE REQUESTS
CREATE TABLE storage_request (
    request_id SERIAL PRIMARY KEY,
    issuing_party_id INTEGER NOT NULL REFERENCES party(party_id),
    warehouse_id INTEGER NOT NULL REFERENCES warehouse(warehouse_id),
    requested_entry_date TIMESTAMP NOT NULL,
    requested_exit_date TIMESTAMP NOT NULL,
    status TEXT NOT NULL CHECK (status IN ('PENDING','ACCEPTED','REJECTED')) DEFAULT 'PENDING',
    decisive_party_id INTEGER REFERENCES party(party_id),
    decision_date TIMESTAMP
);
CREATE INDEX idx_storage_request_issuing_party_id ON storage_request(issuing_party_id);
CREATE INDEX idx_storage_request_warehouse_id ON storage_request(warehouse_id);
CREATE INDEX idx_storage_request_decisive_party_id ON storage_request(decisive_party_id);

-- 16. STORAGE RESERVATIONS
CREATE TABLE storage_reservation (
    reservation_id SERIAL PRIMARY KEY,
    request_id INTEGER NOT NULL REFERENCES storage_request(request_id) ON DELETE CASCADE,
    party_id INTEGER NOT NULL REFERENCES party(party_id),
    shelf_id INTEGER NOT NULL REFERENCES shelf(shelf_id),
    reserved_weight NUMERIC NOT NULL,
    reserved_volume NUMERIC NOT NULL,
    reserved_from TIMESTAMP NOT NULL,
    reserved_until TIMESTAMP NOT NULL,
    status TEXT NOT NULL CHECK (status IN ('PENDING','ACTIVE','EXPIRED','CANCELLED')) DEFAULT 'PENDING'
);
CREATE INDEX idx_storage_reservation_request_id ON storage_reservation(request_id);
CREATE INDEX idx_storage_reservation_party_id ON storage_reservation(party_id);
CREATE INDEX idx_storage_reservation_shelf_id ON storage_reservation(shelf_id);

-- 17. STORAGE RECORDS
CREATE TABLE storage_record (
    storage_record_id SERIAL PRIMARY KEY,
    request_id INTEGER NOT NULL REFERENCES storage_request(request_id),
    party_id INTEGER NOT NULL REFERENCES party(party_id),
    shelf_id INTEGER NOT NULL REFERENCES shelf(shelf_id),
    actual_entry_date TIMESTAMP NOT NULL,
    actual_exit_date TIMESTAMP,
    cargo_description TEXT NOT NULL,
    cargo_weight NUMERIC NOT NULL,
    cargo_volume NUMERIC NOT NULL
);
CREATE INDEX idx_storage_record_request_id ON storage_record(request_id);
CREATE INDEX idx_storage_record_party_id ON storage_record(party_id);
CREATE INDEX idx_storage_record_shelf_id ON storage_record(shelf_id);

-- 18. PAYMENTS
CREATE TABLE payment (
    payment_id SERIAL PRIMARY KEY,
    storage_record_id INTEGER NOT NULL REFERENCES storage_record(storage_record_id) ON DELETE CASCADE,
    party_id INTEGER NOT NULL REFERENCES party(party_id),
    amount NUMERIC NOT NULL,
    currency TEXT NOT NULL,
    status TEXT NOT NULL CHECK (status IN ('PENDING','PAID','FAILED','CANCELLED')) DEFAULT 'PENDING',
    payment_date TIMESTAMP,
    external_reference TEXT
);
CREATE INDEX idx_payment_party_id ON payment(party_id);
CREATE INDEX idx_payment_storage_record_id ON payment(storage_record_id);

-- 19. CARGO EVENT TYPES
CREATE TABLE cargo_event_type (
    event_type_id SERIAL PRIMARY KEY,
    name TEXT NOT NULL,
    description TEXT
);
CREATE UNIQUE INDEX idx_cargo_event_type_name ON cargo_event_type(name);

-- 20. CARGO EVENT HISTORY
CREATE TABLE cargo_event_history (
    event_id SERIAL PRIMARY KEY,
    party_id INTEGER NOT NULL REFERENCES party(party_id),
    storage_record_id INTEGER NOT NULL REFERENCES storage_record(storage_record_id) ON DELETE CASCADE,
    event_type_id INTEGER NOT NULL REFERENCES cargo_event_type(event_type_id),
    event_time TIMESTAMP NOT NULL DEFAULT CURRENT_TIMESTAMP,
    details JSONB
);
CREATE INDEX idx_cargo_event_history_party_id ON cargo_event_history(party_id);
CREATE INDEX idx_cargo_event_history_storage_record_id ON cargo_event_history(storage_record_id);
CREATE INDEX idx_cargo_event_history_event_type_id ON cargo_event_history(event_type_id);

-- Locations
INSERT INTO location (location_id, address, city, postal_code, country) VALUES
(1, 'ul. Wichrowa 89', 'Janki', '05-090', 'Poland');

-- Warehouses
INSERT INTO warehouse (warehouse_id, location_id, name, description) VALUES
(1, 1, 'Main Deliveroo Warehouse', 'Main warehouse for Deliveroo in Poland');

-- Roles
INSERT INTO role (role_id, name, description) VALUES
(1, 'DIRECTOR', 'Executive director overseeing all warehouse operations and strategic planning.'),
(2, 'WAREHOUSE_MANAGER', 'Oversees all warehouse operations, staff management, and safety protocols.'),
(3, 'LOGISTICS_COORDINATOR', 'Manages logistics, distribution processes, and supply chain coordination.'),
(4, 'STORAGE_APPROVER', 'Reviews and approves storage requests and reservation decisions.'),
(5, 'OPERATOR', 'Handles day-to-day warehouse operations including receiving, shipping, and inventory management.');

-- Contractor and Employee Parties
INSERT INTO party (party_id, name, data, created_at, updated_at) VALUES
(1, 'Chapman Ltd', '{"type": "contractor_company", "tax_id_number": "1612347788", "status": "ACTIVE"}'::jsonb, '2024-06-25 21:18:39.569087', '2026-02-01 14:48:33.744023'),
(2, 'Henson, Cowan and Warren', '{"type": "contractor_company", "tax_id_number": "7706921619", "status": "ACTIVE"}'::jsonb, '2025-04-08 04:42:36.486769', '2025-11-17 13:12:37.198594'),
(3, 'Booth-Miller', '{"type": "contractor_company", "tax_id_number": "2101195317", "status": "ACTIVE"}'::jsonb, '2024-07-01 06:59:15.249479', '2025-08-13 03:45:22.370394'),
(4, 'Harris Ltd', '{"type": "contractor_company", "tax_id_number": "3572244416", "status": "ACTIVE"}'::jsonb, '2025-11-12 03:07:31.472804', '2025-08-20 22:04:43.283686'),
(5, 'Mann LLC', '{"type": "contractor_company", "tax_id_number": "7391721046", "status": "ACTIVE"}'::jsonb, '2024-03-20 17:48:45.746291', '2025-10-13 20:15:00.757945'),
(6, 'Jones-Myers', '{"type": "contractor_company", "tax_id_number": "5452574781", "status": "ACTIVE"}'::jsonb, '2025-04-10 13:59:29.177402', '2025-03-20 14:45:16.138665'),
(7, 'Cook, Clark and Chavez', '{"type": "contractor_company", "tax_id_number": "5853742954", "status": "ACTIVE"}'::jsonb, '2026-01-17 14:13:00.894787', '2025-06-22 10:13:37.701685'),
(8, 'Cortez-Espinoza', '{"type": "contractor_company", "tax_id_number": "4259083828", "status": "ACTIVE"}'::jsonb, '2025-10-21 03:27:45.530338', '2025-06-23 05:12:33.276390'),
(9, 'Simpson-West', '{"type": "contractor_company", "tax_id_number": "5967284251", "status": "ACTIVE"}'::jsonb, '2025-01-10 20:07:55.967957', '2026-01-05 01:00:52.715893'),
(10, 'Carroll, Martinez and Smith', '{"type": "contractor_company", "tax_id_number": "3076270729", "status": "ACTIVE"}'::jsonb, '2025-07-05 07:26:31.010743', '2025-10-07 04:41:46.080782'),
(11, 'Curtis and Sons', '{"type": "contractor_company", "tax_id_number": "4018768701", "status": "ACTIVE"}'::jsonb, '2024-09-16 14:25:27.665763', '2025-06-22 06:58:41.050634'),
(12, 'Jacobs, Davis and Smith', '{"type": "contractor_company", "tax_id_number": "7116123283", "status": "ACTIVE"}'::jsonb, '2025-04-11 22:51:42.127971', '2025-12-04 13:44:27.806730'),
(13, 'Turner, Henry and Hunter', '{"type": "contractor_company", "tax_id_number": "5198639248", "status": "ACTIVE"}'::jsonb, '2024-04-09 10:09:24.150416', '2025-10-19 03:31:07.133596'),
(14, 'Green Group', '{"type": "contractor_company", "tax_id_number": "9392857442", "status": "ACTIVE"}'::jsonb, '2024-03-24 12:26:26.362863', '2025-05-09 19:47:47.793231'),
(15, 'Meyer-Padilla', '{"type": "contractor_company", "tax_id_number": "2187183606", "status": "ACTIVE"}'::jsonb, '2025-06-22 06:42:13.279000', '2025-10-04 05:00:39.211606'),
(16, 'Lee-Jones', '{"type": "contractor_company", "tax_id_number": "6741187063", "status": "ACTIVE"}'::jsonb, '2025-05-13 03:19:10.333158', '2025-08-15 17:13:31.439978'),
(17, 'Ellis, Martin and Taylor', '{"type": "contractor_company", "tax_id_number": null, "status": "ACTIVE"}'::jsonb, '2024-07-24 06:28:33.944104', '2025-09-18 07:28:55.224775'),
(18, 'Taylor-Thompson', '{"type": "contractor_company", "tax_id_number": "6350248529", "status": "ACTIVE"}'::jsonb, '2024-07-09 02:31:18.070774', '2025-12-18 10:06:39.062033'),
(19, 'Gross-Powell', '{"type": "contractor_company", "tax_id_number": "1099721761", "status": "ACTIVE"}'::jsonb, '2024-10-27 21:11:34.490260', '2026-01-02 07:58:57.650058'),
(20, 'Roberts-Hunter', '{"type": "contractor_company", "tax_id_number": "6207316377", "status": "ACTIVE"}'::jsonb, '2025-08-27 01:21:25.490609', '2025-07-26 09:35:11.734225'),
(21, 'Cooper, Bernard and Wilson', '{"type": "contractor_company", "tax_id_number": null, "status": "ACTIVE"}'::jsonb, '2024-09-16 08:27:05.729201', '2025-02-20 17:24:06.135014'),
(22, 'Estes LLC', '{"type": "contractor_company", "tax_id_number": "3538200131", "status": "INACTIVE"}'::jsonb, '2025-10-04 21:32:27.935991', '2025-11-29 22:13:29.835095'),
(23, 'Carr-Roberts', '{"type": "contractor_company", "tax_id_number": "4560283572", "status": "ACTIVE"}'::jsonb, '2025-12-03 06:20:31.666285', '2025-03-12 20:32:15.802995'),
(24, 'Moss, Gregory and Murphy', '{"type": "contractor_company", "tax_id_number": "4781190608", "status": "ACTIVE"}'::jsonb, '2024-06-19 01:56:44.849482', '2025-06-24 14:50:01.008585'),
(25, 'Ray, Johnston and Hanson', '{"type": "contractor_company", "tax_id_number": "6242447186", "status": "ACTIVE"}'::jsonb, '2025-06-23 22:12:54.722146', '2025-12-16 13:59:09.032151'),
(26, 'Banks-Wright', '{"type": "contractor_company", "tax_id_number": "6735531997", "status": "ACTIVE"}'::jsonb, '2025-04-08 16:38:07.230150', '2025-10-19 07:10:58.274986'),
(27, 'Coleman, Green and Smith', '{"type": "contractor_company", "tax_id_number": "3158363208", "status": "ACTIVE"}'::jsonb, '2025-01-05 16:22:47.357553', '2025-10-05 06:39:40.427527'),
(28, 'Taylor, Taylor and Warren', '{"type": "contractor_company", "tax_id_number": "7773342923", "status": "ACTIVE"}'::jsonb, '2025-05-11 06:09:10.323308', '2025-12-01 04:08:19.024400'),
(29, 'Jimenez and Sons', '{"type": "contractor_company", "tax_id_number": null, "status": "ACTIVE"}'::jsonb, '2024-10-18 13:28:09.624904', '2025-12-05 23:49:39.071472'),
(30, 'Greene-Martin', '{"type": "contractor_company", "tax_id_number": "9309541669", "status": "ACTIVE"}'::jsonb, '2024-11-21 07:41:26.613668', '2025-08-11 15:08:47.946501'),
(31, 'Williams, Cline and Brown', '{"type": "contractor_company", "tax_id_number": "0937019755", "status": "ACTIVE"}'::jsonb, '2024-06-01 01:51:01.637821', '2025-07-03 13:41:35.440588'),
(32, 'Owens-Butler', '{"type": "contractor_company", "tax_id_number": null, "status": "ACTIVE"}'::jsonb, '2024-08-04 15:04:58.080351', '2025-11-06 08:28:23.436573'),
(33, 'Campbell, Atkins and Young', '{"type": "contractor_company", "tax_id_number": "3454398566", "status": "ACTIVE"}'::jsonb, '2025-01-17 18:26:20.343460', '2026-01-18 03:14:19.749023'),
(34, 'Powers-Martin', '{"type": "contractor_company", "tax_id_number": "9443460022", "status": "ACTIVE"}'::jsonb, '2026-01-04 20:16:38.976486', '2025-10-22 11:01:52.931804'),
(35, 'Sanders, Pierce and Bradley', '{"type": "contractor_company", "tax_id_number": "3429736219", "status": "ACTIVE"}'::jsonb, '2025-10-18 22:15:50.166231', '2025-08-17 23:48:20.243153'),
(36, 'Garrett, Conrad and Barnes', '{"type": "contractor_company", "tax_id_number": "8135324635", "status": "ACTIVE"}'::jsonb, '2025-10-08 21:21:51.162292', '2025-05-09 23:39:18.870724'),
(37, 'Johnson, Diaz and Stone', '{"type": "contractor_company", "tax_id_number": "8856962192", "status": "ACTIVE"}'::jsonb, '2025-05-28 02:42:25.337320', '2025-03-20 00:28:39.347371'),
(38, 'Ibarra Group', '{"type": "contractor_company", "tax_id_number": null, "status": "ACTIVE"}'::jsonb, '2024-12-15 22:38:40.973055', '2025-05-28 14:18:02.971298'),
(39, 'Lewis LLC', '{"type": "contractor_company", "tax_id_number": "0537228274", "status": "INACTIVE"}'::jsonb, '2025-10-11 06:32:28.663639', '2026-01-11 01:57:59.039912'),
(40, 'Haynes-Morris', '{"type": "contractor_company", "tax_id_number": "6399668846", "status": "INACTIVE"}'::jsonb, '2025-09-01 19:14:24.966523', '2025-07-27 16:38:42.807817'),
(41, 'Morrow-Mcdowell', '{"type": "contractor_company", "tax_id_number": "2476533614", "status": "ACTIVE"}'::jsonb, '2024-10-17 23:48:52.099688', '2025-04-11 12:56:36.121418'),
(42, 'Khan and Sons', '{"type": "contractor_company", "tax_id_number": "6947834951", "status": "ACTIVE"}'::jsonb, '2025-02-21 18:53:51.275446', '2025-11-11 19:29:23.305999'),
(43, 'Hayden Group', '{"type": "contractor_company", "tax_id_number": "1693747517", "status": "ACTIVE"}'::jsonb, '2024-07-16 15:16:11.240016', '2025-08-31 09:34:28.661320'),
(44, 'Sutton, Gallagher and Soto', '{"type": "contractor_company", "tax_id_number": "8552975569", "status": "INACTIVE"}'::jsonb, '2024-08-08 01:26:19.962639', '2025-11-03 12:59:20.541153'),
(45, 'Jones Inc', '{"type": "contractor_company", "tax_id_number": "4527932107", "status": "INACTIVE"}'::jsonb, '2025-09-08 04:51:13.446171', '2025-12-14 05:09:05.739026'),
(46, 'Thompson, Sosa and Johnson', '{"type": "contractor_company", "tax_id_number": "5057924351", "status": "ACTIVE"}'::jsonb, '2025-02-25 04:12:50.865355', '2026-01-21 10:01:14.211062'),
(47, 'Anderson Group', '{"type": "contractor_company", "tax_id_number": "2675516790", "status": "ACTIVE"}'::jsonb, '2025-12-15 11:31:22.930905', '2025-02-22 02:07:44.410048'),
(48, 'Smith-Barnes', '{"type": "contractor_company", "tax_id_number": null, "status": "INACTIVE"}'::jsonb, '2025-04-10 17:12:25.468090', '2025-04-19 11:37:23.876842'),
(49, 'Costa, Weeks and Thomas', '{"type": "contractor_company", "tax_id_number": "9593953231", "status": "ACTIVE"}'::jsonb, '2025-10-11 05:25:55.429809', '2025-07-13 04:18:39.430524'),
(50, 'Owens Ltd', '{"type": "contractor_company", "tax_id_number": "8840698079", "status": "ACTIVE"}'::jsonb, '2024-12-05 01:37:17.390625', '2025-06-12 13:09:26.344144'),
(71, 'Austin Villarreal', '{"type": "contractor_employee", "job_title": "Journalist, broadcasting"}'::jsonb, '2025-03-21 05:41:26.526369', '2026-02-17 05:45:45.763926'),
(72, 'Jimmy Le', '{"type": "contractor_employee", "job_title": "Information officer"}'::jsonb, '2025-03-25 01:56:59.547811', '2026-02-17 05:46:39.298625'),
(73, 'Trevor Sullivan', '{"type": "contractor_employee", "job_title": "Tree surgeon"}'::jsonb, '2025-04-27 19:26:51.425700', '2026-02-17 05:48:18.633058'),
(74, 'Tammy Le', '{"type": "contractor_employee", "job_title": "Investment analyst"}'::jsonb, '2025-03-20 01:24:57.905726', '2026-02-17 05:44:17.764431'),
(75, 'John Sampson', '{"type": "contractor_employee", "job_title": "Illustrator"}'::jsonb, '2025-04-10 12:35:22.377935', '2026-02-17 05:47:57.341607'),
(76, 'Terri Hess', '{"type": "contractor_employee", "job_title": "English as a second language teacher"}'::jsonb, '2025-06-12 17:44:16.097693', '2026-02-17 05:46:25.745149'),
(77, 'Charles Allen', '{"type": "contractor_employee", "job_title": "Agricultural engineer"}'::jsonb, '2025-10-05 05:33:22.242460', '2026-02-17 05:48:29.412449'),
(78, 'Allen Summers', '{"type": "contractor_employee", "job_title": "Administrator, charities/voluntary organisations"}'::jsonb, '2026-02-11 07:09:43.277146', '2026-02-17 05:44:06.924318'),
(79, 'Mark Rodriguez', '{"type": "contractor_employee", "job_title": "Plant breeder/geneticist"}'::jsonb, '2025-03-03 00:25:06.025671', '2026-02-17 05:47:49.313414'),
(80, 'Katie Campbell', '{"type": "contractor_employee", "job_title": "Engineer, petroleum"}'::jsonb, '2026-01-19 09:50:41.877019', '2026-02-17 05:45:25.934760'),
(81, 'Ashley Gonzalez', '{"type": "contractor_employee", "job_title": "Engineer, technical sales"}'::jsonb, '2025-03-29 07:21:22.732816', '2026-02-17 05:43:59.744490'),
(82, 'Cameron Everett', '{"type": "contractor_employee", "job_title": "Early years teacher"}'::jsonb, '2026-01-05 13:59:00.451824', '2026-02-17 05:48:41.180171'),
(83, 'Mark Campbell', '{"type": "contractor_employee", "job_title": "Engineer, civil (contracting)"}'::jsonb, '2026-01-25 07:20:01.203875', '2026-02-17 05:44:16.586579'),
(84, 'Kathryn Tucker', '{"type": "contractor_employee", "job_title": "Public librarian"}'::jsonb, '2025-08-06 19:31:14.679741', '2026-02-17 05:48:32.387669'),
(85, 'Nicholas Church', '{"type": "contractor_employee", "job_title": "Sports development officer"}'::jsonb, '2025-03-27 05:51:07.811860', '2026-02-17 05:47:43.609303'),
(86, 'Melissa Phillips', '{"type": "contractor_employee", "job_title": "Health promotion specialist"}'::jsonb, '2025-08-26 10:03:59.982579', '2026-02-17 05:46:54.139476'),
(87, 'Kathy Klein', '{"type": "contractor_employee", "job_title": "Commissioning editor"}'::jsonb, '2025-09-14 16:06:38.101138', '2026-02-17 05:47:31.450168'),
(88, 'Michael Lee', '{"type": "contractor_employee", "job_title": "Magazine features editor"}'::jsonb, '2025-10-26 15:47:28.677887', '2026-02-17 05:47:36.589838'),
(89, 'Taylor Schaefer', '{"type": "contractor_employee", "job_title": "Research officer, trade union"}'::jsonb, '2026-02-01 03:43:26.085146', '2026-02-17 05:46:30.284920'),
(90, 'Roy Smith', '{"type": "contractor_employee", "job_title": "Tourism officer"}'::jsonb, '2025-04-11 16:43:03.597963', '2026-02-17 05:48:38.477148'),
(91, 'Jennifer Campbell', '{"type": "contractor_employee", "job_title": "Ranger/warden"}'::jsonb, '2025-04-12 10:44:54.991910', '2026-02-17 05:44:04.399192'),
(92, 'James Tucker', '{"type": "contractor_employee", "job_title": "Furniture designer"}'::jsonb, '2025-11-05 13:46:29.721314', '2026-02-17 05:43:54.154907'),
(93, 'Kimberly Martinez', '{"type": "contractor_employee", "job_title": "Development worker, international aid"}'::jsonb, '2025-04-27 06:59:24.634795', '2026-02-17 05:47:59.190075'),
(94, 'Joseph Allen', '{"type": "contractor_employee", "job_title": "Structural engineer"}'::jsonb, '2025-10-11 12:04:40.229560', '2026-02-17 05:46:45.080106'),
(95, 'Joy Thompson', '{"type": "contractor_employee", "job_title": "Paediatric nurse"}'::jsonb, '2026-01-23 04:01:15.607153', '2026-02-17 05:47:53.116410'),
(96, 'James Nguyen', '{"type": "contractor_employee", "job_title": "Field seismologist"}'::jsonb, '2025-11-09 14:32:48.698200', '2026-02-17 05:45:54.984710'),
(97, 'Rebecca Hamilton', '{"type": "contractor_employee", "job_title": "Radio broadcast assistant"}'::jsonb, '2025-06-09 09:02:21.381401', '2026-02-17 05:49:06.251452'),
(98, 'Thomas Lee', '{"type": "contractor_employee", "job_title": "Civil Service administrator"}'::jsonb, '2025-11-27 02:05:46.656342', '2026-02-17 05:45:50.200562'),
(99, 'Frances Gibson', '{"type": "contractor_employee", "job_title": "Scientific laboratory technician"}'::jsonb, '2025-08-01 20:53:06.917668', '2026-02-17 05:49:07.605349'),
(100, 'Justin Montes', '{"type": "contractor_employee", "job_title": "Runner, broadcasting/film/video"}'::jsonb, '2025-02-22 04:15:31.148144', '2026-02-17 05:48:42.074702'),
(101, 'Kevin Wade', '{"type": "contractor_employee", "job_title": "Social research officer, government"}'::jsonb, '2025-08-09 04:17:38.288779', '2026-02-17 05:48:40.385856'),
(102, 'Mrs. Kathy Huffman', '{"type": "contractor_employee", "job_title": "Building services engineer"}'::jsonb, '2025-03-18 01:03:08.703792', '2026-02-17 05:44:29.080897'),
(103, 'Derek Simmons', '{"type": "contractor_employee", "job_title": "Communications engineer"}'::jsonb, '2025-10-26 23:41:28.761150', '2026-02-17 05:45:57.282078'),
(104, 'Mary Butler', '{"type": "contractor_employee", "job_title": "Water quality scientist"}'::jsonb, '2025-04-14 17:30:21.785154', '2026-02-17 05:46:25.239369'),
(105, 'Amy Ramirez', '{"type": "contractor_employee", "job_title": "Aeronautical engineer"}'::jsonb, '2025-12-22 14:30:32.080953', '2026-02-17 05:46:53.606128'),
(106, 'Edward Trevino', '{"type": "contractor_employee", "job_title": "Stage manager"}'::jsonb, '2025-12-06 17:14:04.452649', '2026-02-17 05:48:47.867368'),
(107, 'Christopher Marquez', '{"type": "contractor_employee", "job_title": "Psychotherapist, child"}'::jsonb, '2025-10-08 07:04:21.839469', '2026-02-17 05:44:02.548017'),
(108, 'Matthew Thomas', '{"type": "contractor_employee", "job_title": "Magazine journalist"}'::jsonb, '2025-02-26 03:42:42.962390', '2026-02-17 05:46:56.367726'),
(109, 'Sarah Wilson', '{"type": "contractor_employee", "job_title": "Occupational psychologist"}'::jsonb, '2025-05-18 23:27:18.689377', '2026-02-17 05:48:36.753489'),
(110, 'Brett Velasquez', '{"type": "contractor_employee", "job_title": "Quality manager"}'::jsonb, '2025-08-26 21:49:32.995342', '2026-02-17 05:43:31.780046'),
(111, 'Jennifer Parker', '{"type": "contractor_employee", "job_title": "Energy engineer"}'::jsonb, '2025-03-27 11:28:32.476707', '2026-02-17 05:48:11.780750'),
(112, 'Ashley Miller', '{"type": "contractor_employee", "job_title": "Site engineer"}'::jsonb, '2025-08-16 20:13:04.193660', '2026-02-17 05:47:27.152578'),
(113, 'Brandon West', '{"type": "contractor_employee", "job_title": "Engineer, maintenance"}'::jsonb, '2025-08-24 05:22:40.878504', '2026-02-17 05:48:52.973816'),
(114, 'Regina Rowland', '{"type": "contractor_employee", "job_title": "Child psychotherapist"}'::jsonb, '2026-02-03 20:43:00.125092', '2026-02-17 05:47:01.260958'),
(115, 'Monica Kennedy', '{"type": "contractor_employee", "job_title": "Psychologist, clinical"}'::jsonb, '2025-06-06 21:34:43.182056', '2026-02-17 05:43:56.487131'),
(116, 'Tyler Wilson', '{"type": "contractor_employee", "job_title": "Glass blower/designer"}'::jsonb, '2025-11-04 07:51:02.111021', '2026-02-17 05:49:17.141498'),
(117, 'Margaret Harris', '{"type": "contractor_employee", "job_title": "Multimedia programmer"}'::jsonb, '2025-09-19 20:33:03.336989', '2026-02-17 05:43:47.064511'),
(118, 'Joshua Smith', '{"type": "contractor_employee", "job_title": "Exhibition designer"}'::jsonb, '2026-02-07 09:14:32.775931', '2026-02-17 05:44:39.015597'),
(119, 'Steve Wang', '{"type": "contractor_employee", "job_title": "Market researcher"}'::jsonb, '2025-09-26 13:47:59.670984', '2026-02-17 05:48:00.259193'),
(120, 'Dale Hensley', '{"type": "contractor_employee", "job_title": "Barrister"}'::jsonb, '2026-01-13 21:25:36.138541', '2026-02-17 05:48:49.178457'),
(121, 'Anthony Miller', '{"type": "contractor_employee", "job_title": "Immunologist"}'::jsonb, '2025-07-19 09:35:51.744877', '2026-02-17 05:48:32.703205'),
(122, 'Michelle Smith', '{"type": "contractor_employee", "job_title": "Engineer, drilling"}'::jsonb, '2025-07-05 11:27:13.110178', '2026-02-17 05:48:33.818371'),
(123, 'Karen Rojas', '{"type": "contractor_employee", "job_title": "Leisure centre manager"}'::jsonb, '2025-11-11 08:08:46.651000', '2026-02-17 05:49:11.390931'),
(124, 'Jason Larson', '{"type": "contractor_employee", "job_title": "Barista"}'::jsonb, '2025-11-24 03:56:57.624974', '2026-02-17 05:43:21.683982'),
(125, 'Lisa Green', '{"type": "contractor_employee", "job_title": "Senior tax professional/tax inspector"}'::jsonb, '2025-07-14 12:49:29.339156', '2026-02-17 05:44:50.557606'),
(126, 'Vincent Martinez', '{"type": "contractor_employee", "job_title": "Higher education careers adviser"}'::jsonb, '2025-03-24 16:39:31.708494', '2026-02-17 05:48:05.178879'),
(127, 'Sydney Norton', '{"type": "contractor_employee", "job_title": "Information systems manager"}'::jsonb, '2025-03-08 16:08:43.731102', '2026-02-17 05:47:04.469812'),
(128, 'Michelle Patel', '{"type": "contractor_employee", "job_title": "Investment banker, operational"}'::jsonb, '2025-05-03 18:13:40.961606', '2026-02-17 05:44:00.890091'),
(129, 'Adrian Henry', '{"type": "contractor_employee", "job_title": "Data scientist"}'::jsonb, '2025-06-21 02:14:55.687760', '2026-02-17 05:44:17.064143'),
(130, 'Hannah Kennedy', '{"type": "contractor_employee", "job_title": "Industrial buyer"}'::jsonb, '2025-12-02 05:19:18.642372', '2026-02-17 05:44:12.070519'),
(131, 'Phillip Richardson', '{"type": "contractor_employee", "job_title": "Retail buyer"}'::jsonb, '2025-08-18 22:04:30.964614', '2026-02-17 05:47:35.527861'),
(132, 'Henry Mendoza', '{"type": "contractor_employee", "job_title": "Surveyor, land/geomatics"}'::jsonb, '2025-05-31 12:29:51.712502', '2026-02-17 05:49:09.428339'),
(133, 'Anthony Simon', '{"type": "contractor_employee", "job_title": "Archivist"}'::jsonb, '2025-03-23 20:20:35.430460', '2026-02-17 05:45:23.434932'),
(134, 'Zoe Williams', '{"type": "contractor_employee", "job_title": "Therapist, occupational"}'::jsonb, '2025-05-03 12:19:08.246653', '2026-02-17 05:45:09.973588'),
(135, 'Danielle Bolton', '{"type": "contractor_employee", "job_title": "Ergonomist"}'::jsonb, '2026-01-20 11:25:16.547655', '2026-02-17 05:49:01.953458'),
(136, 'David Rodriguez', '{"type": "contractor_employee", "job_title": "Therapist, drama"}'::jsonb, '2025-08-07 20:41:20.906683', '2026-02-17 05:44:34.788476'),
(137, 'Keith Russell', '{"type": "contractor_employee", "job_title": "Brewing technologist"}'::jsonb, '2025-08-26 20:26:39.341904', '2026-02-17 05:48:51.918235'),
(138, 'Taylor Walsh', '{"type": "contractor_employee", "job_title": "Purchasing manager"}'::jsonb, '2025-12-02 10:08:22.003807', '2026-02-17 05:48:34.672358'),
(139, 'Abigail Gardner', '{"type": "contractor_employee", "job_title": "Scientist, forensic"}'::jsonb, '2026-01-30 07:57:01.159575', '2026-02-17 05:46:49.761265'),
(140, 'Joseph Rivera', '{"type": "contractor_employee", "job_title": "Surveyor, quantity"}'::jsonb, '2025-04-14 13:00:00.642987', '2026-02-17 05:45:35.272098'),
(141, 'Jason Murphy', '{"type": "contractor_employee", "job_title": "Textile designer"}'::jsonb, '2026-01-16 10:55:37.664891', '2026-02-17 05:45:13.575047'),
(142, 'Bradley Daniel', '{"type": "contractor_employee", "job_title": "Contracting civil engineer"}'::jsonb, '2025-07-25 22:02:41.640607', '2026-02-17 05:48:04.866546'),
(143, 'Nicholas Neal', '{"type": "contractor_employee", "job_title": "Accountant, chartered management"}'::jsonb, '2025-09-17 21:59:37.428181', '2026-02-17 05:44:23.750736'),
(144, 'Kelsey Martinez', '{"type": "contractor_employee", "job_title": "Fish farm manager"}'::jsonb, '2025-11-06 20:32:30.859666', '2026-02-17 05:43:41.852123'),
(145, 'Chad Smith', '{"type": "contractor_employee", "job_title": "Designer, interior/spatial"}'::jsonb, '2025-12-26 19:03:23.332895', '2026-02-17 05:48:38.446098');

-- Party Relationships
INSERT INTO party_relationship (party_id_primary, party_id_secondary, relationship_type, valid_from) VALUES
(1, 71, 'REPRESENTATIVE', '2025-02-26 08:20:09.053067'),
(1, 72, 'REPRESENTATIVE', '2025-05-21 11:39:28.796485'),
(2, 73, 'REPRESENTATIVE', '2025-07-21 06:58:36.525773'),
(2, 74, 'REPRESENTATIVE', '2025-06-28 08:06:48.998652'),
(2, 75, 'REPRESENTATIVE', '2026-01-01 08:35:44.011999'),
(3, 76, 'REPRESENTATIVE', '2025-04-01 03:33:27.057700'),
(3, 77, 'REPRESENTATIVE', '2025-05-09 16:38:11.579854'),
(3, 78, 'REPRESENTATIVE', '2025-03-26 03:20:56.222010'),
(5, 79, 'REPRESENTATIVE', '2025-07-17 04:21:32.389009'),
(6, 80, 'REPRESENTATIVE', '2025-12-11 14:17:05.430818'),
(7, 81, 'REPRESENTATIVE', '2025-04-05 07:05:24.724721'),
(7, 82, 'REPRESENTATIVE', '2025-11-11 05:00:58.847541'),
(7, 83, 'REPRESENTATIVE', '2025-07-10 23:06:51.185448'),
(9, 84, 'REPRESENTATIVE', '2025-05-28 11:05:11.253883'),
(9, 85, 'REPRESENTATIVE', '2025-09-09 22:32:26.006837'),
(10, 86, 'REPRESENTATIVE', '2025-06-10 22:33:26.969625'),
(10, 87, 'REPRESENTATIVE', '2025-09-21 01:11:08.704797'),
(11, 88, 'REPRESENTATIVE', '2025-04-20 18:29:58.243602'),
(12, 89, 'REPRESENTATIVE', '2025-12-23 10:55:55.009479'),
(13, 90, 'REPRESENTATIVE', '2025-11-01 02:10:01.648232'),
(13, 91, 'REPRESENTATIVE', '2025-08-14 12:30:43.640092'),
(13, 92, 'REPRESENTATIVE', '2025-10-14 00:24:21.713373'),
(14, 93, 'REPRESENTATIVE', '2025-03-04 21:02:52.637620'),
(14, 94, 'REPRESENTATIVE', '2025-03-17 16:48:39.122460'),
(14, 95, 'REPRESENTATIVE', '2025-11-19 18:12:10.904676'),
(15, 96, 'REPRESENTATIVE', '2026-01-14 05:57:51.867290'),
(15, 97, 'REPRESENTATIVE', '2025-07-18 18:02:09.602964'),
(16, 98, 'REPRESENTATIVE', '2025-03-02 15:26:49.920185'),
(17, 99, 'REPRESENTATIVE', '2025-07-20 18:55:08.275877'),
(17, 100, 'REPRESENTATIVE', '2025-07-23 12:23:24.888438'),
(19, 101, 'REPRESENTATIVE', '2025-07-09 02:47:36.492430'),
(20, 102, 'REPRESENTATIVE', '2025-05-11 21:05:20.059057'),
(21, 103, 'REPRESENTATIVE', '2025-03-01 14:07:38.455212'),
(22, 104, 'REPRESENTATIVE', '2025-09-16 05:27:55.558561'),
(22, 105, 'REPRESENTATIVE', '2025-06-13 11:37:33.582642'),
(22, 106, 'REPRESENTATIVE', '2025-10-25 18:21:54.727211'),
(23, 107, 'REPRESENTATIVE', '2025-10-30 22:56:25.733862'),
(24, 108, 'REPRESENTATIVE', '2025-02-27 22:44:39.311081'),
(24, 109, 'REPRESENTATIVE', '2025-03-23 01:03:45.585815'),
(25, 110, 'REPRESENTATIVE', '2025-02-27 09:46:55.991273'),
(27, 111, 'REPRESENTATIVE', '2025-05-19 17:05:12.734867'),
(27, 112, 'REPRESENTATIVE', '2025-04-08 15:24:12.209924'),
(28, 113, 'REPRESENTATIVE', '2025-04-30 12:32:17.813513'),
(29, 114, 'REPRESENTATIVE', '2025-05-16 03:21:07.795022'),
(29, 115, 'REPRESENTATIVE', '2025-07-18 05:18:23.521894'),
(29, 116, 'REPRESENTATIVE', '2025-12-22 13:53:10.208509'),
(30, 117, 'REPRESENTATIVE', '2026-01-18 17:37:00.274699'),
(30, 118, 'REPRESENTATIVE', '2025-06-16 22:46:35.179706'),
(31, 119, 'REPRESENTATIVE', '2025-07-12 11:54:44.338734'),
(33, 120, 'REPRESENTATIVE', '2025-03-20 01:20:51.263192'),
(33, 121, 'REPRESENTATIVE', '2025-04-23 17:56:08.898028'),
(34, 122, 'REPRESENTATIVE', '2025-09-16 00:43:20.541866'),
(34, 123, 'REPRESENTATIVE', '2025-08-01 09:08:49.475863'),
(35, 124, 'REPRESENTATIVE', '2026-02-13 02:36:03.542215'),
(35, 125, 'REPRESENTATIVE', '2025-11-01 13:33:37.813122'),
(35, 126, 'REPRESENTATIVE', '2025-07-29 03:33:21.739162'),
(38, 127, 'REPRESENTATIVE', '2025-11-12 13:39:05.533020'),
(39, 128, 'REPRESENTATIVE', '2025-02-20 00:04:37.058593'),
(39, 129, 'REPRESENTATIVE', '2025-03-07 05:29:20.563936'),
(39, 130, 'REPRESENTATIVE', '2025-12-05 07:10:01.782079'),
(40, 131, 'REPRESENTATIVE', '2026-01-03 22:21:48.945892'),
(40, 132, 'REPRESENTATIVE', '2026-01-24 11:20:14.173192'),
(41, 133, 'REPRESENTATIVE', '2025-11-26 14:47:07.217421'),
(41, 134, 'REPRESENTATIVE', '2025-11-15 19:42:52.379552'),
(41, 135, 'REPRESENTATIVE', '2025-10-09 20:32:09.905265'),
(42, 136, 'REPRESENTATIVE', '2026-01-08 11:23:06.117793'),
(43, 137, 'REPRESENTATIVE', '2025-07-27 13:34:48.188286'),
(46, 138, 'REPRESENTATIVE', '2025-09-07 04:17:35.273007'),
(47, 139, 'REPRESENTATIVE', '2025-07-29 05:20:07.023206'),
(48, 140, 'REPRESENTATIVE', '2025-04-15 15:43:39.966500'),
(48, 141, 'REPRESENTATIVE', '2025-09-11 11:16:16.053717'),
(49, 142, 'REPRESENTATIVE', '2025-06-04 21:23:41.353551'),
(49, 143, 'REPRESENTATIVE', '2025-02-17 09:15:34.761935'),
(49, 144, 'REPRESENTATIVE', '2025-09-12 07:35:59.733159'),
(50, 145, 'REPRESENTATIVE', '2025-11-10 09:33:22.171523');

-- Party Contacts
INSERT INTO party_contact (party_id, type, details) VALUES
(1, 'EMAIL', 'info@chapmanltd.com'),
(2, 'EMAIL', 'info@hensoncowanandwarren.com'),
(3, 'EMAIL', 'info@booth-miller.com'),
(3, 'PHONE', '+1-752-756-1586'),
(4, 'EMAIL', 'info@harrisltd.com'),
(4, 'PHONE', '+1-599-924-2284x322'),
(5, 'EMAIL', 'info@mannllc.com'),
(5, 'PHONE', '3173842085'),
(6, 'EMAIL', 'info@jones-myers.com'),
(6, 'PHONE', '850-717-8443x4241'),
(7, 'EMAIL', 'info@cookclarkandchavez.com'),
(8, 'EMAIL', 'info@cortez-espinoza.com'),
(8, 'PHONE', '772-255-0466x414'),
(9, 'EMAIL', 'info@simpson-west.com'),
(9, 'PHONE', '361.961.6288'),
(10, 'EMAIL', 'info@carrollmartinezandsmith.com'),
(10, 'PHONE', '643.236.5138'),
(11, 'EMAIL', 'info@curtisandsons.com'),
(11, 'PHONE', '(368)305-7611x2345'),
(12, 'EMAIL', 'info@jacobsdavisandsmith.com'),
(12, 'PHONE', '625-982-3318x0349'),
(13, 'EMAIL', 'info@turnerhenryandhunter.com'),
(13, 'PHONE', '269-952-2805'),
(14, 'EMAIL', 'info@greengroup.com'),
(14, 'PHONE', '(955)483-7594'),
(15, 'EMAIL', 'info@meyer-padilla.com'),
(15, 'PHONE', '(650)969-1835'),
(16, 'EMAIL', 'info@lee-jones.com'),
(16, 'PHONE', '+1-980-436-6743x7799'),
(17, 'EMAIL', 'info@ellismartinandtaylor.com'),
(17, 'PHONE', '671.717.2210x101'),
(18, 'EMAIL', 'info@taylor-thompson.com'),
(18, 'PHONE', '8229931592'),
(19, 'EMAIL', 'info@gross-powell.com'),
(20, 'EMAIL', 'info@roberts-hunter.com'),
(21, 'EMAIL', 'info@cooperbernardandwilson.com'),
(21, 'PHONE', '928.779.2178'),
(22, 'EMAIL', 'info@estesllc.com'),
(22, 'PHONE', '(401)800-5900x6457'),
(23, 'EMAIL', 'info@carr-roberts.com'),
(23, 'PHONE', '+1-306-655-2629x96839'),
(24, 'EMAIL', 'info@mossgregoryandmurphy.com'),
(24, 'PHONE', '9974820680'),
(25, 'EMAIL', 'info@rayjohnstonandhanson.com'),
(25, 'PHONE', '386-963-3306'),
(26, 'EMAIL', 'info@banks-wright.com'),
(27, 'EMAIL', 'info@colemangreenandsmith.com'),
(28, 'EMAIL', 'info@taylortaylorandwarren.com'),
(29, 'EMAIL', 'info@jimenezandsons.com'),
(29, 'PHONE', '+1-340-580-4150'),
(30, 'EMAIL', 'info@greene-martin.com'),
(30, 'PHONE', '319.699.6973'),
(31, 'EMAIL', 'info@williamsclineandbrown.com'),
(32, 'EMAIL', 'info@owens-butler.com'),
(32, 'PHONE', '460.482.5526x995'),
(33, 'EMAIL', 'info@campbellatkinsandyoung.com'),
(33, 'PHONE', '(353)330-4149x61349'),
(34, 'EMAIL', 'info@powers-martin.com'),
(34, 'PHONE', '(224)971-8418x652'),
(35, 'EMAIL', 'info@sanderspierceandbradley.com'),
(35, 'PHONE', '5579868897'),
(36, 'EMAIL', 'info@garrettconradandbarnes.com'),
(36, 'PHONE', '658.472.9910x1452'),
(37, 'EMAIL', 'info@johnsondiazandstone.com'),
(37, 'PHONE', '4775454747'),
(38, 'EMAIL', 'info@ibarragroup.com'),
(38, 'PHONE', '429-530-3919x6493'),
(39, 'EMAIL', 'info@lewisllc.com'),
(39, 'PHONE', '(543)977-6388'),
(40, 'EMAIL', 'info@haynes-morris.com'),
(40, 'PHONE', '4805941093'),
(41, 'EMAIL', 'info@morrow-mcdowell.com'),
(41, 'PHONE', '914.772.8310x48105'),
(42, 'EMAIL', 'info@khanandsons.com'),
(42, 'PHONE', '562.593.5689x3125'),
(43, 'EMAIL', 'info@haydengroup.com'),
(43, 'PHONE', '001-211-417-6098x5776'),
(44, 'EMAIL', 'info@suttongallagherandsoto.com'),
(44, 'PHONE', '001-418-511-2018'),
(45, 'EMAIL', 'info@jonesinc.com'),
(45, 'PHONE', '9108391171'),
(46, 'EMAIL', 'info@thompsonsosaandjohnson.com'),
(46, 'PHONE', '(343)884-3657'),
(47, 'EMAIL', 'info@andersongroup.com'),
(47, 'PHONE', '679-542-6858x16694'),
(48, 'EMAIL', 'info@smith-barnes.com'),
(48, 'PHONE', '532-373-8154x352'),
(49, 'EMAIL', 'info@costaweeksandthomas.com'),
(49, 'PHONE', '001-978-299-7095x179'),
(50, 'EMAIL', 'info@owensltd.com'),
(50, 'PHONE', '330.750.3547x4839'),
(71, 'EMAIL', 'austin.villarreal@chapmanltd.com'),
(71, 'PHONE', '+1-983-928-2350'),
(72, 'EMAIL', 'jimmy.le@chapmanltd.com'),
(72, 'PHONE', '+1-632-327-2262'),
(73, 'EMAIL', 'trevor.sullivan@hensoncowanandwarren.com'),
(73, 'PHONE', '4504667504'),
(74, 'EMAIL', 'tammy.le@hensoncowanandwarren.com'),
(74, 'PHONE', '+1-514-836-5366x593'),
(75, 'EMAIL', 'john.sampson@hensoncowanandwarren.com'),
(75, 'PHONE', '4549939145'),
(76, 'EMAIL', 'terri.hess@booth-miller.com'),
(76, 'PHONE', '(796)702-4567x512'),
(77, 'EMAIL', 'charles.allen@booth-miller.com'),
(77, 'PHONE', '7197887896'),
(78, 'EMAIL', 'allen.summers@booth-miller.com'),
(78, 'PHONE', '001-897-289-7015x134'),
(79, 'EMAIL', 'mark.rodriguez@mannllc.com'),
(79, 'PHONE', '(714)640-1579x7614'),
(80, 'EMAIL', 'katie.campbell@jones-myers.com'),
(80, 'PHONE', '(207)526-0701x01801'),
(81, 'EMAIL', 'ashley.gonzalez@cookclarkandchavez.com'),
(81, 'PHONE', '001-373-965-3251'),
(82, 'EMAIL', 'cameron.everett@cookclarkandchavez.com'),
(82, 'PHONE', '001-378-312-9908x86361'),
(83, 'EMAIL', 'mark.campbell@cookclarkandchavez.com'),
(83, 'PHONE', '+1-960-294-5001x660'),
(84, 'EMAIL', 'kathryn.tucker@simpson-west.com'),
(84, 'PHONE', '+1-906-315-7046x35915'),
(85, 'EMAIL', 'nicholas.church@simpson-west.com'),
(86, 'EMAIL', 'melissa.phillips@carrollmartinezandsmith.com'),
(86, 'PHONE', '001-377-703-9885x349'),
(87, 'EMAIL', 'kathy.klein@carrollmartinezandsmith.com'),
(87, 'PHONE', '001-489-873-2730x233'),
(88, 'EMAIL', 'michael.lee@curtisandsons.com'),
(88, 'PHONE', '(399)654-5961'),
(89, 'EMAIL', 'taylor.schaefer@jacobsdavisandsmith.com'),
(89, 'PHONE', '(837)295-6439x3910'),
(90, 'EMAIL', 'roy.smith@turnerhenryandhunter.com'),
(90, 'PHONE', '(228)903-8956x889'),
(91, 'EMAIL', 'jennifer.campbell@turnerhenryandhunter.com'),
(91, 'PHONE', '001-571-495-4742'),
(92, 'EMAIL', 'james.tucker@turnerhenryandhunter.com'),
(93, 'EMAIL', 'kimberly.martinez@greengroup.com'),
(93, 'PHONE', '401-465-9486x7013'),
(94, 'EMAIL', 'joseph.allen@greengroup.com'),
(94, 'PHONE', '(350)986-9807'),
(95, 'EMAIL', 'joy.thompson@greengroup.com'),
(95, 'PHONE', '687-642-0460'),
(96, 'EMAIL', 'james.nguyen@meyer-padilla.com'),
(96, 'PHONE', '886-434-9338'),
(97, 'EMAIL', 'rebecca.hamilton@meyer-padilla.com'),
(98, 'EMAIL', 'thomas.lee@lee-jones.com'),
(98, 'PHONE', '001-268-370-1761x238'),
(99, 'EMAIL', 'frances.gibson@ellismartinandtaylor.com'),
(99, 'PHONE', '204.656.2576'),
(100, 'EMAIL', 'justin.montes@ellismartinandtaylor.com'),
(100, 'PHONE', '445-819-0589x213'),
(101, 'EMAIL', 'kevin.wade@gross-powell.com'),
(101, 'PHONE', '507-383-9271x989'),
(102, 'EMAIL', 'mrs..huffman@roberts-hunter.com'),
(102, 'PHONE', '001-202-671-5187x51945'),
(103, 'EMAIL', 'derek.simmons@cooperbernardandwilson.com'),
(103, 'PHONE', '001-989-229-8642x9229'),
(104, 'EMAIL', 'mary.butler@estesllc.com'),
(105, 'EMAIL', 'amy.ramirez@estesllc.com'),
(105, 'PHONE', '+1-447-442-2639x664'),
(106, 'EMAIL', 'edward.trevino@estesllc.com'),
(106, 'PHONE', '942.304.1457'),
(107, 'EMAIL', 'christopher.marquez@carr-roberts.com'),
(107, 'PHONE', '+1-341-881-5711x8351'),
(108, 'EMAIL', 'matthew.thomas@mossgregoryandmurphy.com'),
(108, 'PHONE', '291-993-9184x68473'),
(109, 'EMAIL', 'sarah.wilson@mossgregoryandmurphy.com'),
(109, 'PHONE', '+1-949-477-3485x919'),
(110, 'EMAIL', 'brett.velasquez@rayjohnstonandhanson.com'),
(110, 'PHONE', '001-718-821-2218x570'),
(111, 'EMAIL', 'jennifer.parker@colemangreenandsmith.com'),
(112, 'EMAIL', 'ashley.miller@colemangreenandsmith.com'),
(113, 'EMAIL', 'brandon.west@taylortaylorandwarren.com'),
(113, 'PHONE', '+1-769-998-0376x77410'),
(114, 'EMAIL', 'regina.rowland@jimenezandsons.com'),
(115, 'EMAIL', 'monica.kennedy@jimenezandsons.com'),
(116, 'EMAIL', 'tyler.wilson@jimenezandsons.com'),
(116, 'PHONE', '(265)846-0942x503'),
(117, 'EMAIL', 'margaret.harris@greene-martin.com'),
(117, 'PHONE', '532.567.0300x78117'),
(118, 'EMAIL', 'joshua.smith@greene-martin.com'),
(118, 'PHONE', '+1-567-842-3563'),
(119, 'EMAIL', 'steve.wang@williamsclineandbrown.com'),
(119, 'PHONE', '826.942.2058'),
(120, 'EMAIL', 'dale.hensley@campbellatkinsandyoung.com'),
(120, 'PHONE', '(615)647-4681x67083'),
(121, 'EMAIL', 'anthony.miller@campbellatkinsandyoung.com'),
(121, 'PHONE', '+1-461-981-2337x630'),
(122, 'EMAIL', 'michelle.smith@powers-martin.com'),
(123, 'EMAIL', 'karen.rojas@powers-martin.com'),
(124, 'EMAIL', 'jason.larson@sanderspierceandbradley.com'),
(124, 'PHONE', '753.335.7541x34015'),
(125, 'EMAIL', 'lisa.green@sanderspierceandbradley.com'),
(125, 'PHONE', '+1-874-488-6396x8881'),
(126, 'EMAIL', 'vincent.martinez@sanderspierceandbradley.com'),
(126, 'PHONE', '208-825-4687x82931'),
(127, 'EMAIL', 'sydney.norton@ibarragroup.com'),
(127, 'PHONE', '549.893.7539x436'),
(128, 'EMAIL', 'michelle.patel@lewisllc.com'),
(129, 'EMAIL', 'adrian.henry@lewisllc.com'),
(129, 'PHONE', '8827499043'),
(130, 'EMAIL', 'hannah.kennedy@lewisllc.com'),
(130, 'PHONE', '209.820.2378x36336'),
(131, 'EMAIL', 'phillip.richardson@haynes-morris.com'),
(132, 'EMAIL', 'henry.mendoza@haynes-morris.com'),
(132, 'PHONE', '+1-266-435-7076'),
(133, 'EMAIL', 'anthony.simon@morrow-mcdowell.com'),
(133, 'PHONE', '219.455.7202x3212'),
(134, 'EMAIL', 'zoe.williams@morrow-mcdowell.com'),
(134, 'PHONE', '987.667.7880x5556'),
(135, 'EMAIL', 'danielle.bolton@morrow-mcdowell.com'),
(135, 'PHONE', '214-841-8311'),
(136, 'EMAIL', 'david.rodriguez@khanandsons.com'),
(136, 'PHONE', '5027455592'),
(137, 'EMAIL', 'keith.russell@haydengroup.com'),
(137, 'PHONE', '(463)960-9350x35636'),
(138, 'EMAIL', 'taylor.walsh@thompsonsosaandjohnson.com'),
(138, 'PHONE', '+1-941-897-8473'),
(139, 'EMAIL', 'abigail.gardner@andersongroup.com'),
(139, 'PHONE', '896-768-5764'),
(140, 'EMAIL', 'joseph.rivera@smith-barnes.com'),
(140, 'PHONE', '8738554795'),
(141, 'EMAIL', 'jason.murphy@smith-barnes.com'),
(141, 'PHONE', '4884588443'),
(142, 'EMAIL', 'bradley.daniel@costaweeksandthomas.com'),
(142, 'PHONE', '001-514-267-0704x2498'),
(143, 'EMAIL', 'nicholas.neal@costaweeksandthomas.com'),
(144, 'EMAIL', 'kelsey.martinez@costaweeksandthomas.com'),
(144, 'PHONE', '5345597609'),
(145, 'EMAIL', 'chad.smith@owensltd.com'),
(145, 'PHONE', '(361)747-6776x321');

-- Contractor Addresses
INSERT INTO address (address_id, party_id, street_address, city, country, postal_code, address_type) VALUES
('1a86fb15-79eb-4326-b028-5f5b61b2b08a', 1, '26767 Olson Dam Suite 779', 'Mariabury', 'Zambia', '93524', 'BILLING'),
('4c7ea00d-0308-42b3-940f-d5d814f93447', 2, '745 John Trafficway Suite 447', 'Turnerborough', 'Slovakia (Slovak Republic)', '02890', 'OTHER'),
('e2d26be4-9354-42bf-8c10-f809e4b45478', 3, '876 Bryan View', 'Port Kimberly', 'Singapore', '03960', 'BILLING'),
('d82887ba-a6d6-4eff-bd8f-58a8fa03c8fe', 3, '442 Nathan Estates Apt. 037', 'East Jared', 'Mongolia', '92542', 'SHIPPING'),
('cfb3b72e-7730-4f4f-a9ba-79f819bc024b', 4, '397 Jonathan Oval Suite 849', 'New Krystalport', 'Jordan', '80049', 'SHIPPING'),
('ec418292-61e6-4be2-a27f-c44066ce3fae', 4, '41349 Marcus Plain', 'Laurenland', 'Denmark', '67407', 'CORPORATE'),
('69213f91-56df-486c-81a0-c0efd7d84c03', 5, '292 Adam Station Suite 345', 'Port Michael', 'Chad', '44199', 'CORPORATE'),
('f3c579d5-e6d3-4393-9c5b-0190cc5795df', 5, '215 Thornton Expressway Suite 409', 'Coopermouth', 'Kyrgyz Republic', '60308', 'BILLING'),
('7dcf385d-ae61-478d-bf51-40b7bf8c2b96', 6, '310 Brandon Gateway Suite 238', 'Lake Andrea', 'British Indian Ocean Territory (Chagos Archipelago)', '29380', 'BILLING'),
('ae7f0adb-966c-4959-943a-e534ff806847', 7, '4718 Cole Meadow', 'Lake Stephanie', 'Niue', '21277', 'SHIPPING'),
('ad87104a-a784-4a69-a3e1-96b84f5f6e20', 8, '3294 Taylor Manor Suite 118', 'Bensonburgh', 'Angola', '93088', 'CORPORATE'),
('d20c3226-fe14-4d0c-9489-9b2b65bc5d41', 9, '422 Robert Throughway Apt. 951', 'Castilloland', 'Croatia', '51421', 'BILLING'),
('67d620d3-41c8-414a-a86c-14fe14086bc1', 10, '9900 Fisher Underpass Apt. 300', 'North Heather', 'Angola', '03765', 'CORPORATE'),
('95a0cf63-6ac1-482d-9375-c2a4743406e3', 10, '29078 Perry Skyway', 'North Alvinberg', 'Guadeloupe', '61688', 'BILLING'),
('29aa857c-99ac-4a72-a2f8-8212abd84d79', 11, '45185 Luis Bridge Suite 891', 'Lake Tammychester', 'Mozambique', '15241', 'CORPORATE'),
('61b645a7-6095-46f5-b01b-d8715e08ab13', 12, '3374 Eric Ridges', 'North Kyleburgh', 'Guadeloupe', '31506', 'BILLING'),
('53125e56-5ec0-4915-aee0-0b80f5e8ada6', 12, '27859 Glenn Throughway', 'West Keith', 'Norfolk Island', '51487', 'CORPORATE'),
('9804bfe5-ad6a-45ef-a371-d23f71b0a726', 13, '4769 Joseph Trafficway Apt. 151', 'East Michael', 'Costa Rica', '13007', 'CORPORATE'),
('1c49e9dc-b48c-46b1-9c56-42d84a4ef2e3', 13, '283 Kelly Overpass', 'Heatherberg', 'Isle of Man', '35354', 'OTHER'),
('4c50b38e-34e3-40a9-9352-ef03456f9e9b', 14, '48158 Powell Grove Apt. 856', 'South Melissa', 'Bosnia and Herzegovina', '35660', 'BILLING'),
('e797abb3-8617-40f3-bb24-f2507ecf3895', 14, '8509 Heath Lodge', 'East Natalie', 'Monaco', '69529', 'SHIPPING'),
('2fbb8438-318c-4865-a02d-b9bdc027ffad', 15, '346 Claire Ridges', 'Lake Jason', 'Malawi', '09101', 'BILLING'),
('6e3cfd48-e718-4f50-a474-73b2a214146f', 15, '3700 Johnston Centers', 'Cuevaschester', 'Gambia', '60951', 'CORPORATE'),
('62bfda3d-462e-4bc5-a475-71e2adfc5012', 16, '85841 Amanda Brooks Suite 666', 'Jasonville', 'France', '35965', 'OTHER'),
('4c590c14-948f-4cb4-b462-c5ec469ec6cb', 17, '70900 Matthew Forge Apt. 275', 'New Colleen', 'Guyana', '49842', 'SHIPPING'),
('34dc56ec-f782-474b-8bee-43285bf9bfcf', 18, '02802 Miller Mill Suite 771', 'South Christine', 'Mali', '85115', 'OTHER'),
('24473838-2d73-49f1-b625-d5892d35e721', 19, '53299 Humphrey Villages Suite 974', 'Doughertyburgh', 'Grenada', '53925', 'CORPORATE'),
('b7091bf0-3783-44b2-91fe-c85712424478', 19, '674 Taylor Road', 'Jeromeberg', 'Montserrat', '54345', 'OTHER'),
('f733550e-c753-4aa0-903f-6667870ead06', 20, '1707 Jason Mountains', 'Port Erinmouth', 'Saint Pierre and Miquelon', '37137', 'BILLING'),
('2eb9f67e-d686-43ad-9595-191539d1f87a', 20, '2578 Melanie Mountain', 'Brandonburgh', 'Guam', '97482', 'OTHER'),
('658bdabe-abb2-4c60-b825-3536ae664542', 21, '79061 Darlene Camp', 'Hernandezberg', 'Sudan', '20358', 'SHIPPING'),
('a10e3c39-5caf-4669-97af-58ddca972d42', 22, '43508 Caldwell Island', 'South Emilybury', 'Netherlands Antilles', '17900', 'SHIPPING'),
('68bdcd7a-3dd9-4ed1-b6c8-ab0ada938abf', 22, '38285 Richard Causeway', 'West Keithbury', 'Netherlands Antilles', '89355', 'CORPORATE'),
('1a2cb61a-08e0-4492-a020-6b7b41fde3af', 22, '54195 Gordon Cliffs Apt. 141', 'Tonyville', 'Hong Kong', '10067', 'OTHER'),
('85b750f4-19f2-46a7-9589-ee30d4515771', 23, '3694 Silva Canyon Suite 693', 'West Danielle', 'Morocco', '65347', 'SHIPPING'),
('0cd7be06-be84-4628-9d9c-9e934b1f3ff7', 24, '4548 Patricia Circle', 'Garciafort', 'Niger', '54146', 'SHIPPING'),
('2b0a4319-b29d-4bfa-88eb-e504d464655e', 25, '3406 Brooks Row Apt. 549', 'Thompsonville', 'Suriname', '16541', 'BILLING'),
('a0c8a675-cb9c-4a86-a822-6ab3f856ed52', 26, '69462 Gabriel Ranch', 'Port Jeffreyhaven', 'New Caledonia', '08841', 'SHIPPING'),
('5a7600fc-5bfd-4cce-8533-5e2e0c99bded', 27, '46690 Caleb Mills', 'Jessicaborough', 'Liberia', '48585', 'BILLING'),
('fc6b7586-4278-4a1d-8d1b-f8a927cd9ac2', 27, '55606 Mccoy Streets Apt. 496', 'Port Tyler', 'Iraq', '44789', 'OTHER'),
('6bb0ee0f-d4b7-4b1d-a241-3922a1c36fc7', 27, '918 Cox Ridges Suite 283', 'North Johnburgh', 'Libyan Arab Jamahiriya', '70602', 'CORPORATE'),
('91ca8b1e-acaa-4863-bfd7-ff63b8c5f581', 28, '8528 Laura Tunnel', 'Lake Joannaside', 'Costa Rica', '70678', 'SHIPPING'),
('f3474555-24a7-4128-8724-461052c72600', 28, '00152 Benson Passage Suite 304', 'Lake Krista', 'Congo', '93741', 'CORPORATE'),
('cd279489-f11e-46eb-8726-313aa1e490de', 28, '15837 Carl Manor Apt. 697', 'South Samuel', 'Palau', '18583', 'BILLING'),
('7a72760d-7802-4f02-a1c3-7a9f888e4fab', 29, '322 Erica Falls Apt. 595', 'Simonfort', 'Saudi Arabia', '99477', 'CORPORATE'),
('82234285-2afa-4f3e-8d74-514c4e29e0cc', 30, '7629 Amanda Forge Apt. 780', 'Theresamouth', 'Cayman Islands', '06826', 'OTHER'),
('a8b24a9f-66c2-4a7b-b143-abe6eaa16dad', 31, '390 Cohen Island', 'North Stacy', 'Netherlands', '17437', 'CORPORATE'),
('a053c14d-4e08-49fb-8a9d-77b1dc3679a0', 32, '33280 Pollard Court Apt. 910', 'Lake Kevin', 'Montenegro', '06034', 'OTHER'),
('f5a48ed6-d19e-4295-afe7-f06c5637fc49', 33, '0998 Weaver Parkway', 'Annaton', 'Uganda', '83815', 'BILLING'),
('7a4e88d4-c2bc-4142-a848-80bafdfc2539', 34, '7388 Fox Glens', 'Crystalton', 'Guyana', '90077', 'BILLING'),
('7288ab41-481a-4f4a-944a-9ca800ac8348', 34, '38327 Sherman Village Suite 745', 'Collinsland', 'Argentina', '50109', 'CORPORATE'),
('69e094df-22ff-43c2-afff-08b60ed658ba', 35, '7503 Tonya Crescent Suite 943', 'Port Janetberg', 'Netherlands', '14532', 'OTHER'),
('31d9490e-b428-42d6-ba9b-9106611d1950', 36, '9642 Tyler Forge', 'Christinamouth', 'Argentina', '05166', 'SHIPPING'),
('899caebf-b306-401c-872c-899ef7b2e59b', 36, '7072 Tony Camp Apt. 768', 'New Alex', 'Cote d''Ivoire', '31416', 'BILLING'),
('8a8955c0-56bc-4ac2-822d-db9e086308bd', 36, '57117 Banks Way Apt. 131', 'Debbieville', 'Samoa', '29196', 'OTHER'),
('d8e307b5-4a2e-4cf3-8bc4-aa0f290aae5e', 37, '3831 Sullivan Place', 'Watsonhaven', 'Equatorial Guinea', '72532', 'BILLING'),
('16fdaaf5-876a-405d-9248-fdf7d3d8cfdb', 38, '129 Maria Bridge Suite 518', 'South Mary', 'France', '91700', 'SHIPPING'),
('980449d1-4b6e-4588-b10a-1b39cc128a5e', 38, '29636 Lucas Cliff', 'West Edward', 'India', '47486', 'BILLING'),
('038b2735-b1a6-4333-a1ae-5422f83e4798', 39, '4235 Daniels Pines', 'North Andreaburgh', 'Egypt', '54439', 'OTHER'),
('f0caec71-3117-4236-9d25-8ad4a84ae000', 40, '2217 Johnson Locks Suite 331', 'Markfort', 'Guadeloupe', '37162', 'BILLING'),
('a47573d8-8c57-4930-8a0c-f45e4dfe847f', 41, '213 Joseph Forges Apt. 635', 'East Davidfort', 'Honduras', '24450', 'BILLING'),
('2201cfca-f96c-4549-bedd-4c6cd3edec1e', 42, '276 Jennifer Motorway', 'North Teresa', 'Ethiopia', '70212', 'SHIPPING'),
('55010223-195b-4fdf-be6e-b85b376281b7', 43, '6516 Bradley Estate Apt. 109', 'Oliviahaven', 'Montserrat', '19328', 'OTHER'),
('b340801d-2b2c-490d-870b-da5637009778', 44, '909 Fisher Spring', 'Port Richard', 'Hong Kong', '66894', 'SHIPPING'),
('c24ad590-f723-4ef8-a47b-8b142ac7c7fa', 45, '4719 Rhonda Ramp', 'Schmidtmouth', 'Australia', '46969', 'SHIPPING'),
('1b3bdbb1-7b23-4824-997d-2bf2fbb07d0f', 46, '53678 Jessica Port', 'Williamsfort', 'Burundi', '02069', 'BILLING'),
('f4dd6166-1eeb-4255-80e8-454ba35553fb', 47, '71483 Walter Cliff', 'Robertport', 'Nicaragua', '29518', 'BILLING'),
('4bd4b321-d47a-4748-9196-77621b488d61', 48, '243 Thomas Meadows', 'Richardsonhaven', 'Saint Kitts and Nevis', '61333', 'CORPORATE'),
('11c0ef3f-83c4-4a3d-a76d-a9cde9b9c52e', 48, '75829 Miller Spring Apt. 766', 'New Alexandratown', 'Kyrgyz Republic', '95649', 'SHIPPING'),
('38257f31-6a21-4d3a-9ea0-cfcc27aa6745', 48, '97804 Campos Dam Apt. 201', 'East Annettemouth', 'Cambodia', '29807', 'BILLING'),
('d06d9fd9-003c-4445-b77c-7d278407b897', 49, '39862 Burke Mills', 'North Erinhaven', 'Yemen', '77672', 'SHIPPING'),
('1202909e-2663-49f8-a63c-13633d583750', 50, '9779 Matthew Junctions Apt. 248', 'Lake Ambertown', 'United States Minor Outlying Islands', '96008', 'BILLING');

-- Employee Parties
INSERT INTO party (party_id, name, data, created_at, updated_at) VALUES
(51, 'Rachel Jones', '{"type": "employee", "status": "ACTIVE"}'::jsonb, '2021-06-01 13:26:34', '2025-02-23 17:49:23'),
(52, 'Jennifer Duke', '{"type": "employee", "status": "ACTIVE"}'::jsonb, '2024-07-27 02:23:39', '2025-06-19 19:06:17'),
(53, 'Amber Huff', '{"type": "employee", "status": "ACTIVE"}'::jsonb, '2021-12-28 22:58:11', '2025-05-05 19:33:03'),
(54, 'Michael Stevenson', '{"type": "employee", "status": "ACTIVE"}'::jsonb, '2022-09-22 06:55:10', '2025-05-25 15:08:57'),
(55, 'Julie Murphy', '{"type": "employee", "status": "ACTIVE"}'::jsonb, '2023-11-21 11:15:46', '2025-09-22 22:50:07'),
(56, 'Mark Fernandez', '{"type": "employee", "status": "ACTIVE"}'::jsonb, '2023-01-07 11:53:20', '2025-03-13 08:15:14'),
(57, 'Patricia Thompson', '{"type": "employee", "status": "ACTIVE"}'::jsonb, '2023-02-03 02:14:01', '2026-02-07 06:53:50'),
(58, 'Kim Camacho', '{"type": "employee", "status": "ACTIVE"}'::jsonb, '2022-09-22 15:21:43', '2025-06-25 23:30:02'),
(59, 'Tyler Carter', '{"type": "employee", "status": "ACTIVE"}'::jsonb, '2022-04-23 03:36:38', '2025-11-06 21:33:07'),
(60, 'James Brown', '{"type": "employee", "status": "ACTIVE"}'::jsonb, '2021-12-31 14:19:48', '2025-05-14 13:39:46'),
(61, 'Robert Lamb', '{"type": "employee", "status": "ACTIVE"}'::jsonb, '2021-11-22 03:07:38', '2025-09-14 20:34:42'),
(62, 'Ian Johnson', '{"type": "employee", "status": "ACTIVE"}'::jsonb, '2023-08-06 15:46:47', '2025-05-18 18:51:52'),
(63, 'Kayla Silva DDS', '{"type": "employee", "status": "ACTIVE"}'::jsonb, '2023-06-22 19:39:47', '2025-11-10 02:05:51'),
(64, 'Michael Fuentes', '{"type": "employee", "status": "ACTIVE"}'::jsonb, '2024-11-08 08:25:27', '2025-04-11 09:47:07'),
(65, 'Amanda Dawson', '{"type": "employee", "status": "ACTIVE"}'::jsonb, '2024-02-24 05:11:43', '2025-09-16 07:43:20'),
(66, 'Mrs. Debra Calhoun', '{"type": "employee", "status": "ACTIVE"}'::jsonb, '2024-02-11 14:05:49', '2025-10-10 03:17:32'),
(67, 'Dean Parker', '{"type": "employee", "status": "ACTIVE"}'::jsonb, '2024-12-14 21:18:46', '2025-06-07 07:25:29'),
(68, 'Mrs. Jeanette Phillips', '{"type": "employee", "status": "ACTIVE"}'::jsonb, '2022-04-02 10:22:25', '2025-12-30 15:24:50'),
(69, 'Matthew Aguirre', '{"type": "employee", "status": "ACTIVE"}'::jsonb, '2021-11-19 06:41:37', '2025-10-18 22:58:01'),
(70, 'Lance Hawkins', '{"type": "employee", "status": "ACTIVE"}'::jsonb, '2023-11-08 01:31:33', '2025-12-08 13:55:17');

-- Employee Addresses
INSERT INTO address (address_id, party_id, street_address, city, country, postal_code, address_type) VALUES
('6e0118a2-32dc-4990-8b3c-c09b168d9e6b', 51, '13918 Miller Causeway Apt. 108', 'Maryfort', 'Swaziland', '74031', 'OTHER'),
('08c9d582-17df-45d7-9f4d-c4bb18efda5b', 51, '410 Kristin Junctions Suite 943', 'Port Julieside', 'Tajikistan', '78253', 'PERSONAL'),
('21b09cc5-28cd-4cf2-9d27-96d4816f2bcb', 52, '6684 Lawrence Lodge', 'Ronaldberg', 'Slovakia (Slovak Republic)', '18385', 'PERSONAL'),
('785046b9-f74c-4832-a512-39f42b7933fa', 53, '09026 Williams Brook', 'New Julie', 'Mauritania', '23477', 'PERSONAL'),
('341fb45e-6a3a-451a-a90c-b1949e7b332c', 54, '570 Boyd Tunnel Apt. 168', 'Campbellberg', 'Montenegro', '37078', 'PERSONAL'),
('7687c163-542c-493a-91c1-09592bffe7e4', 55, '35102 Rogers Estate', 'Powellton', 'Namibia', '14820', 'PERSONAL'),
('8f847aed-21e5-4486-9aea-c3cb22488b5f', 56, '32706 Diaz Oval', 'Reynoldsberg', 'Cuba', '13486', 'PERSONAL'),
('532fa123-47d1-413c-8ce3-86ede010a605', 57, '3864 Patterson Dale Suite 489', 'Richardsbury', 'Antigua and Barbuda', '43802', 'OTHER'),
('23698347-1b4a-4ed0-bc3b-850e63dd7f27', 58, '58624 Turner Meadows Apt. 670', 'Michaelmouth', 'Egypt', '99460', 'OTHER'),
('4f4ae0fc-ee27-46e8-b5fd-1c0e1a267bcd', 59, '82802 Peters Prairie', 'Edwardsville', 'Estonia', '72596', 'OTHER'),
('dfff6236-f15e-4feb-9eec-1da5b3b32792', 59, '7522 Salinas Point', 'New James', 'Bulgaria', '50600', 'PERSONAL'),
('beba0e06-6fdb-4492-80a8-34fa0bcb5810', 60, '726 Anderson Flat Apt. 279', 'New Isabellahaven', 'Hong Kong', '66550', 'PERSONAL'),
('7756fc67-23c5-4755-9cec-9f27e7976ea1', 60, '98500 Horn Via', 'East Kathyton', 'Japan', '14340', 'OTHER'),
('766fee24-0bb7-4848-a1b0-737026c85c0c', 61, '9524 Cassandra Key Suite 721', 'Leeview', 'Nicaragua', '94802', 'PERSONAL'),
('c0c397c1-cf9c-4f66-b026-7e886b4577c6', 62, '69153 Robin Wall', 'Thomasfort', 'Saudi Arabia', '82080', 'PERSONAL'),
('05e9ac59-16dd-4772-875e-024893f1ab9d', 63, '4217 Robert Underpass', 'Moorechester', 'Christmas Island', '31476', 'OTHER'),
('6980d99d-e7f9-4efc-9d98-d7518f2e817d', 64, '7465 Maxwell Station Apt. 458', 'East Tabithamouth', 'Moldova', '33526', 'PERSONAL'),
('acfbc72e-d05a-4832-a607-827adfc16cd5', 65, '496 Jeff Route Suite 541', 'New Ryan', 'France', '07719', 'OTHER'),
('38a7089b-708c-4bdc-a987-37396f91d5b8', 65, '454 Douglas Crescent Suite 212', 'South Patriciamouth', 'Portugal', '55888', 'PERSONAL'),
('b24fd6e2-826a-405c-ac6b-14ac55410efa', 66, '80022 Hughes Flat', 'Kellystad', 'Holy See (Vatican City State)', '96410', 'PERSONAL'),
('d4e5252a-abd6-48b9-968c-b7533e291ded', 67, '1128 Kayla Stravenue Apt. 860', 'North Christine', 'Saudi Arabia', '10619', 'PERSONAL'),
('42559b69-9acd-4edf-ade4-00561fa45f5f', 67, '892 Morgan Courts Apt. 517', 'Alexandertown', 'Spain', '90464', 'OTHER'),
('978ae1b0-5427-42cc-b3a3-c091a5a80c20', 68, '989 Hamilton Green Suite 010', 'South Tracyton', 'Zimbabwe', '94520', 'PERSONAL'),
('73fc5866-d30b-4de8-ac63-158012c6df15', 69, '14650 Bradley Spring', 'Roachburgh', 'Jamaica', '26425', 'OTHER'),
('86594480-5fbb-4ea4-8f16-07e55a623915', 70, '17112 Jacob Shore Suite 688', 'Cannonchester', 'Western Sahara', '65388', 'OTHER');

-- Employee Contacts
INSERT INTO party_contact (party_id, type, details) VALUES
(51, 'EMAIL', 'tapiaangela@example.org'),
(51, 'PHONE', '9134141056'),
(52, 'EMAIL', 'josephyoung@example.net'),
(52, 'PHONE', '+1-314-588-1711x20155'),
(53, 'EMAIL', 'susan16@example.org'),
(53, 'PHONE', '360-689-8695x4337'),
(54, 'EMAIL', 'bmoore@example.net'),
(54, 'PHONE', '001-807-732-6934'),
(55, 'EMAIL', 'iabbott@example.com'),
(55, 'PHONE', '848-626-9434'),
(56, 'EMAIL', 'ujones@example.net'),
(56, 'PHONE', '922-883-6569x581'),
(57, 'EMAIL', 'andreaspencer@example.com'),
(57, 'PHONE', '+1-296-408-9115x238'),
(58, 'EMAIL', 'robertmccarthy@example.com'),
(58, 'PHONE', '001-484-650-7378x6298'),
(59, 'EMAIL', 'daniel92@example.org'),
(59, 'PHONE', '+1-451-202-7388x717'),
(60, 'EMAIL', 'cconley@example.com'),
(60, 'PHONE', '9398593172'),
(61, 'EMAIL', 'gcarney@example.org'),
(61, 'PHONE', '207-775-1093x5018'),
(62, 'EMAIL', 'jeffreyjohnson@example.org'),
(62, 'PHONE', '001-359-948-2659x1446'),
(63, 'EMAIL', 'glittle@example.net'),
(63, 'PHONE', '001-446-817-5280x34002'),
(64, 'EMAIL', 'victorharris@example.org'),
(64, 'PHONE', '544.244.3365x9560'),
(65, 'EMAIL', 'nthomas@example.org'),
(65, 'PHONE', '(294)433-4363x89864'),
(66, 'EMAIL', 'terri83@example.org'),
(66, 'PHONE', '+1-298-730-8999'),
(67, 'EMAIL', 'daltonkarina@example.net'),
(67, 'PHONE', '(383)617-8349x863'),
(68, 'EMAIL', 'turnerkatie@example.net'),
(68, 'PHONE', '(247)829-3936'),
(69, 'EMAIL', 'traciebarton@example.net'),
(69, 'PHONE', '977.331.8077'),
(70, 'EMAIL', 'samantha35@example.org'),
(70, 'PHONE', '+1-715-618-1610x472');

-- Party Roles
INSERT INTO party_role (party_id, role_id, assigned_date) VALUES
(51, 3, '2022-11-06 07:34:30'),
(51, 5, '2023-01-18 20:45:04'),
(52, 4, '2025-11-15 15:40:38'),
(53, 5, '2024-01-21 15:56:31'),
(53, 3, '2024-02-28 23:50:24'),
(54, 5, '2023-02-08 12:11:22'),
(55, 5, '2024-09-18 11:55:57'),
(56, 5, '2023-12-01 03:21:35'),
(57, 5, '2026-01-12 09:03:09'),
(57, 3, '2024-12-04 18:09:33'),
(58, 2, '2024-06-29 18:36:24'),
(59, 4, '2024-11-19 09:28:06'),
(60, 5, '2025-01-04 05:38:26'),
(60, 3, '2023-10-25 22:33:42'),
(61, 5, '2022-03-17 00:24:37'),
(62, 2, '2025-03-06 08:15:32'),
(63, 5, '2023-12-15 09:17:48'),
(64, 5, '2025-11-22 11:26:28'),
(65, 5, '2025-06-20 04:33:18'),
(66, 5, '2024-08-02 04:41:28'),
(67, 3, '2026-01-29 07:48:35'),
(68, 5, '2022-06-09 16:45:48'),
(69, 5, '2024-12-02 09:31:09'),
(69, 4, '2022-11-27 04:44:36'),
(70, 4, '2025-09-20 11:43:07');

-- Employee Warehouses
INSERT INTO employee_warehouse (party_id, warehouse_id, assigned_from, assigned_until) VALUES
(51, 1, '2021-06-01 13:26:34', NULL),
(52, 1, '2024-07-27 02:23:39', NULL),
(53, 1, '2021-12-28 22:58:11', NULL),
(54, 1, '2022-09-22 06:55:10', NULL),
(55, 1, '2023-11-21 11:15:46', NULL),
(56, 1, '2023-01-07 11:53:20', NULL),
(57, 1, '2023-02-03 02:14:01', NULL),
(58, 1, '2022-09-22 15:21:43', NULL),
(59, 1, '2022-04-23 03:36:38', NULL),
(60, 1, '2021-12-31 14:19:48', NULL),
(61, 1, '2021-11-22 03:07:38', NULL),
(62, 1, '2023-08-06 15:46:47', NULL),
(63, 1, '2023-06-22 19:39:47', NULL),
(64, 1, '2024-11-08 08:25:27', NULL),
(65, 1, '2024-02-24 05:11:43', NULL),
(66, 1, '2024-02-11 14:05:49', NULL),
(67, 1, '2024-12-14 21:18:46', NULL),
(68, 1, '2022-04-02 10:22:25', NULL),
(69, 1, '2021-11-19 06:41:37', NULL),
(70, 1, '2023-11-08 01:31:33', NULL);

-- Cargo Event Types
INSERT INTO cargo_event_type (event_type_id, name, description) VALUES
(1, 'RECEIVED', 'Cargo received at warehouse'),
(2, 'MOVED', 'Cargo moved to another shelf'),
(3, 'DISPATCHED', 'Cargo dispatched from warehouse'),
(4, 'DAMAGED', 'Cargo found damaged'),
(5, 'LOST', 'Cargo missing or lost'),
(6, 'CONTRACTOR_CONTACT', 'Contact with contractor regarding storage'),
(7, 'QUALITY_ISSUE', 'Quality-related issue reported'),
(8, 'SAFETY_INCIDENT', 'Safety or accident incident reported');

-- Zones
INSERT INTO zone (zone_id, warehouse_id, name, description) VALUES
(1, 1, 'Bulk Storage Area', 'Area for storing large quantities of goods, usually on pallets.'),
(2, 1, 'Receiving Area', 'Zone designated for unloading and inspecting incoming goods.'),
(3, 1, 'Picking Area', 'Zone where items are picked to fulfill orders.'),
(4, 1, 'Packing Area', 'Area for packing picked items and preparing them for shipment.'),
(5, 1, 'Shipping Area', 'Zone for staging and loading outbound shipments.'),
(6, 1, 'Returns Area', 'Designated space for processing returned goods.'),
(7, 1, 'Quarantine/Inspection Area', 'Area for holding goods pending inspection or quality checks.');

-- Aisles
INSERT INTO aisle (aisle_id, zone_id, label, width, width_unit) VALUES
(1, 1, 'Aisle-1', 250, 'cm'),
(2, 1, 'Aisle-2', 200, 'cm'),
(3, 1, 'Aisle-3', 250, 'cm'),
(4, 1, 'Aisle-4', 300, 'cm'),
(5, 1, 'Aisle-5', 200, 'cm'),
(6, 1, 'Aisle-6', 350, 'cm'),
(7, 1, 'Aisle-7', 300, 'cm');

-- Racks
INSERT INTO rack (rack_id, aisle_id, label, max_height, height_unit) VALUES
(1, 1, 'R-001', 500, 'cm'),
(2, 2, 'R-002', 400, 'cm'),
(3, 3, 'R-003', 500, 'cm'),
(4, 4, 'R-004', 450, 'cm'),
(5, 5, 'R-005', 400, 'cm'),
(6, 6, 'R-006', 350, 'cm'),
(7, 7, 'R-007', 450, 'cm'),
(8, 1, 'R-008', 350, 'cm'),
(9, 2, 'R-009', 350, 'cm'),
(10, 3, 'R-010', 500, 'cm');

-- Shelves
INSERT INTO shelf (shelf_id, rack_id, level, max_weight, max_volume) VALUES
(1, 1, '1', 1045, 5),
(2, 2, '2', 628, 6),
(3, 3, '3', 796, 5),
(4, 4, '4', 799, 6),
(5, 5, '1', 1134, 12),
(6, 6, '2', 1132, 9),
(7, 7, '3', 990, 5),
(8, 8, '4', 994, 7),
(9, 9, '1', 799, 11),
(10, 10, '2', 752, 12),
(11, 1, '3', 1086, 5),
(12, 2, '4', 602, 10),
(13, 3, '1', 1045, 11),
(14, 4, '2', 721, 8),
(15, 5, '3', 930, 15);

-- Storage Requests
INSERT INTO storage_request (request_id, warehouse_id, issuing_party_id, requested_entry_date, requested_exit_date, status, decisive_party_id, decision_date) VALUES
(1, 1, 110, '2026-02-20 04:08:33', '2026-03-17 04:08:33', 'ACCEPTED', 53, '2026-02-17 04:08:33'),
(2, 1, 142, '2026-02-15 03:55:31', '2026-03-11 03:55:31', 'REJECTED', 57, '2026-02-12 03:55:31'),
(3, 1, 39, '2026-03-18 13:51:21', '2026-03-30 13:51:21', 'REJECTED', 61, '2026-03-15 13:51:21'),
(4, 1, 130, '2026-02-14 06:27:27', '2026-02-21 06:27:27', 'REJECTED', 58, '2026-02-12 06:27:27'),
(5, 1, 5, '2026-02-04 20:18:53', '2026-02-11 20:18:53', 'PENDING', NULL, NULL),
(6, 1, 105, '2026-03-16 13:19:36', '2026-04-11 13:19:36', 'REJECTED', 59, '2026-03-15 13:19:36'),
(7, 1, 112, '2026-01-24 19:03:45', '2026-02-07 19:03:45', 'PENDING', NULL, NULL),
(8, 1, 126, '2026-02-19 06:02:23', '2026-02-24 06:02:23', 'PENDING', NULL, NULL),
(9, 1, 22, '2026-01-23 16:59:07', '2026-02-14 16:59:07', 'ACCEPTED', 54, '2026-01-20 16:59:07'),
(10, 1, 2, '2026-02-25 22:46:17', '2026-03-03 22:46:17', 'REJECTED', 61, '2026-02-22 22:46:17'),
(11, 1, 129, '2026-02-11 11:49:08', '2026-03-02 11:49:08', 'PENDING', NULL, NULL),
(12, 1, 83, '2026-02-23 17:07:47', '2026-03-01 17:07:47', 'ACCEPTED', 64, '2026-02-18 17:07:47'),
(13, 1, 5, '2026-01-21 20:19:33', '2026-02-04 20:19:33', 'REJECTED', NULL, '2026-01-23 20:19:33'),
(14, 1, 124, '2026-01-20 13:25:50', '2026-02-14 13:25:50', 'ACCEPTED', 66, '2026-01-16 13:25:50'),
(15, 1, 3, '2026-01-25 19:47:39', '2026-02-10 19:47:39', 'PENDING', NULL, NULL),
(16, 1, 45, '2026-02-13 21:14:40', '2026-02-25 21:14:40', 'ACCEPTED', 51, '2026-02-10 21:14:40'),
(17, 1, 72, '2026-02-23 21:48:22', '2026-03-11 21:48:22', 'PENDING', NULL, NULL),
(18, 1, 113, '2026-02-01 21:23:38', '2026-02-23 21:23:38', 'ACCEPTED', 51, '2026-01-30 21:23:38'),
(19, 1, 139, '2026-02-12 22:30:32', '2026-02-17 22:30:32', 'REJECTED', 51, '2026-02-11 22:30:32'),
(20, 1, 10, '2026-03-06 13:21:59', '2026-03-21 13:21:59', 'ACCEPTED', 61, '2026-03-01 13:21:59'),
(21, 1, 140, '2026-02-12 06:32:30', '2026-02-25 06:32:30', 'REJECTED', 54, '2026-02-10 06:32:30'),
(22, 1, 25, '2026-01-20 09:40:55', '2026-01-28 09:40:55', 'PENDING', NULL, NULL),
(23, 1, 46, '2026-02-15 18:45:03', '2026-03-02 18:45:03', 'PENDING', NULL, NULL),
(24, 1, 119, '2026-01-22 19:00:29', '2026-01-31 19:00:29', 'PENDING', NULL, NULL),
(25, 1, 85, '2026-03-18 15:09:29', '2026-04-17 15:09:29', 'PENDING', NULL, NULL),
(26, 1, 90, '2026-02-21 22:17:06', '2026-03-14 22:17:06', 'PENDING', NULL, NULL),
(27, 1, 35, '2026-02-19 03:35:26', '2026-03-15 03:35:26', 'PENDING', NULL, NULL),
(28, 1, 26, '2026-03-18 16:57:32', '2026-03-27 16:57:32', 'REJECTED', 51, '2026-03-16 16:57:32'),
(29, 1, 141, '2026-03-03 22:03:56', '2026-03-27 22:03:56', 'PENDING', NULL, NULL),
(30, 1, 139, '2026-02-07 17:08:37', '2026-02-23 17:08:37', 'REJECTED', 62, '2026-02-04 17:08:37'),
(31, 1, 12, '2026-01-19 11:29:49', '2026-02-14 11:29:49', 'REJECTED', NULL, '2026-01-19 11:29:49'),
(32, 1, 32, '2026-02-26 11:29:09', '2026-03-12 11:29:09', 'PENDING', NULL, NULL),
(33, 1, 6, '2026-02-16 08:55:24', '2026-03-02 08:55:24', 'REJECTED', 58, '2026-02-13 08:55:24'),
(34, 1, 107, '2026-01-26 16:54:56', '2026-02-02 16:54:56', 'ACCEPTED', 62, '2026-01-24 16:54:56'),
(35, 1, 128, '2026-03-03 10:15:46', '2026-03-27 10:15:46', 'ACCEPTED', 65, '2026-02-27 10:15:46'),
(36, 1, 18, '2026-01-24 06:45:40', '2026-02-05 06:45:40', 'PENDING', NULL, NULL),
(37, 1, 43, '2026-02-04 03:25:11', '2026-02-19 03:25:11', 'REJECTED', 63, '2026-02-03 03:25:11'),
(38, 1, 23, '2026-02-21 13:48:25', '2026-02-26 13:48:25', 'PENDING', NULL, NULL),
(39, 1, 141, '2026-03-02 04:13:08', '2026-03-07 04:13:08', 'REJECTED', 62, '2026-02-28 04:13:08'),
(40, 1, 30, '2026-01-24 06:54:07', '2026-02-23 06:54:07', 'ACCEPTED', 63, '2026-01-19 06:54:07'),
(41, 1, 103, '2026-02-20 06:56:11', '2026-03-10 06:56:11', 'REJECTED', 60, '2026-02-18 06:56:11'),
(42, 1, 95, '2026-03-05 03:15:11', '2026-03-17 03:15:11', 'REJECTED', 55, '2026-03-02 03:15:11'),
(43, 1, 20, '2026-03-16 14:16:53', '2026-03-26 14:16:53', 'ACCEPTED', 56, '2026-03-11 14:16:53'),
(44, 1, 41, '2026-02-22 09:36:52', '2026-03-05 09:36:52', 'REJECTED', 69, '2026-02-21 09:36:52'),
(45, 1, 3, '2026-02-19 06:42:04', '2026-03-10 06:42:04', 'REJECTED', 63, '2026-02-17 06:42:04'),
(46, 1, 89, '2026-02-10 09:43:52', '2026-03-11 09:43:52', 'ACCEPTED', 57, '2026-02-07 09:43:52'),
(47, 1, 94, '2026-02-02 13:14:36', '2026-02-12 13:14:36', 'PENDING', NULL, NULL),
(48, 1, 123, '2026-03-01 22:06:24', '2026-03-27 22:06:24', 'REJECTED', 52, '2026-02-28 22:06:24'),
(49, 1, 22, '2026-01-21 15:26:58', '2026-02-03 15:26:58', 'PENDING', NULL, NULL),
(50, 1, 48, '2026-02-04 03:17:57', '2026-02-28 03:17:57', 'REJECTED', 56, '2026-02-01 03:17:57'),
(51, 1, 37, '2026-02-04 00:08:25', '2026-02-16 00:08:25', 'REJECTED', 53, '2026-02-02 00:08:25'),
(52, 1, 99, '2026-03-03 01:05:57', '2026-03-29 01:05:57', 'ACCEPTED', 53, '2026-02-27 01:05:57'),
(53, 1, 81, '2026-02-23 18:30:22', '2026-03-05 18:30:22', 'REJECTED', 60, '2026-02-22 18:30:22'),
(54, 1, 126, '2026-03-12 17:48:15', '2026-04-07 17:48:15', 'ACCEPTED', 59, '2026-03-08 17:48:15'),
(55, 1, 117, '2026-03-02 09:01:39', '2026-03-14 09:01:39', 'PENDING', NULL, NULL),
(56, 1, 138, '2026-01-22 22:51:38', '2026-02-18 22:51:38', 'PENDING', NULL, NULL),
(57, 1, 40, '2026-01-20 05:45:51', '2026-02-08 05:45:51', 'REJECTED', 54, '2026-01-19 05:45:51'),
(58, 1, 6, '2026-02-20 12:06:23', '2026-03-18 12:06:23', 'PENDING', NULL, NULL),
(59, 1, 22, '2026-02-07 03:44:09', '2026-02-27 03:44:09', 'PENDING', NULL, NULL),
(60, 1, 7, '2026-01-24 00:43:31', '2026-02-07 00:43:31', 'PENDING', NULL, NULL),
(61, 1, 127, '2026-02-15 04:16:52', '2026-03-17 04:16:52', 'PENDING', NULL, NULL),
(62, 1, 84, '2026-03-19 03:44:52', '2026-04-02 03:44:52', 'ACCEPTED', 51, '2026-03-15 03:44:52'),
(63, 1, 81, '2026-02-25 08:07:29', '2026-03-11 08:07:29', 'REJECTED', NULL, '2026-02-27 08:07:29'),
(64, 1, 75, '2026-01-23 17:04:45', '2026-02-04 17:04:45', 'ACCEPTED', 51, '2026-01-21 17:04:45'),
(65, 1, 143, '2026-02-28 03:34:49', '2026-03-27 03:34:49', 'REJECTED', NULL, '2026-02-28 03:34:49'),
(66, 1, 44, '2026-03-14 03:21:21', '2026-03-27 03:21:21', 'REJECTED', NULL, '2026-03-14 03:21:21'),
(67, 1, 107, '2026-02-02 09:32:04', '2026-02-23 09:32:04', 'ACCEPTED', 58, '2026-02-01 09:32:04'),
(68, 1, 6, '2026-03-09 22:37:11', '2026-04-06 22:37:11', 'REJECTED', 67, '2026-03-07 22:37:11'),
(69, 1, 40, '2026-01-28 07:01:47', '2026-02-17 07:01:47', 'ACCEPTED', 52, '2026-01-26 07:01:47'),
(70, 1, 37, '2026-03-12 18:40:51', '2026-04-03 18:40:51', 'REJECTED', 53, '2026-03-09 18:40:51'),
(71, 1, 143, '2026-02-18 04:07:40', '2026-03-01 04:07:40', 'ACCEPTED', 58, '2026-02-16 04:07:40'),
(72, 1, 44, '2026-02-15 07:05:22', '2026-02-28 07:05:22', 'PENDING', NULL, NULL),
(73, 1, 75, '2026-01-22 14:17:55', '2026-02-06 14:17:55', 'ACCEPTED', 59, '2026-01-17 14:17:55'),
(74, 1, 88, '2026-02-24 04:01:26', '2026-03-17 04:01:26', 'PENDING', NULL, NULL),
(75, 1, 141, '2026-02-01 06:41:29', '2026-02-13 06:41:29', 'ACCEPTED', 65, '2026-01-31 06:41:29'),
(76, 1, 30, '2026-01-24 12:41:08', '2026-02-08 12:41:08', 'REJECTED', 69, '2026-01-21 12:41:08'),
(77, 1, 79, '2026-02-20 04:14:10', '2026-02-25 04:14:10', 'REJECTED', 55, '2026-02-19 04:14:10'),
(78, 1, 18, '2026-03-12 16:10:55', '2026-03-23 16:10:55', 'PENDING', NULL, NULL),
(79, 1, 18, '2026-03-06 22:52:35', '2026-04-05 22:52:35', 'ACCEPTED', 57, '2026-03-02 22:52:35'),
(80, 1, 98, '2026-03-15 06:32:37', '2026-04-10 06:32:37', 'ACCEPTED', 51, '2026-03-14 06:32:37'),
(81, 1, 91, '2026-01-24 23:41:25', '2026-02-22 23:41:25', 'ACCEPTED', 63, '2026-01-19 23:41:25'),
(82, 1, 126, '2026-01-28 01:25:01', '2026-02-18 01:25:01', 'ACCEPTED', 70, '2026-01-23 01:25:01'),
(83, 1, 129, '2026-03-03 17:58:03', '2026-03-21 17:58:03', 'REJECTED', 57, '2026-03-01 17:58:03'),
(84, 1, 74, '2026-02-26 04:01:43', '2026-03-21 04:01:43', 'PENDING', NULL, NULL),
(85, 1, 131, '2026-01-28 16:04:12', '2026-02-26 16:04:12', 'ACCEPTED', 56, '2026-01-26 16:04:12'),
(86, 1, 124, '2026-02-03 23:34:04', '2026-02-24 23:34:04', 'REJECTED', 63, '2026-02-01 23:34:04'),
(87, 1, 11, '2026-02-05 02:51:14', '2026-03-03 02:51:14', 'ACCEPTED', 64, '2026-02-03 02:51:14'),
(88, 1, 82, '2026-01-20 00:13:58', '2026-01-31 00:13:58', 'PENDING', NULL, NULL),
(89, 1, 11, '2026-02-26 15:58:58', '2026-03-06 15:58:58', 'REJECTED', NULL, '2026-02-27 15:58:58'),
(90, 1, 141, '2026-03-16 05:23:04', '2026-04-14 05:23:04', 'ACCEPTED', 57, '2026-03-15 05:23:04'),
(91, 1, 47, '2026-02-17 07:57:49', '2026-03-10 07:57:49', 'REJECTED', NULL, '2026-02-17 07:57:49'),
(92, 1, 31, '2026-03-14 09:21:12', '2026-04-09 09:21:12', 'ACCEPTED', 62, '2026-03-13 09:21:12'),
(93, 1, 15, '2026-01-20 20:42:59', '2026-02-05 20:42:59', 'REJECTED', 66, '2026-01-19 20:42:59'),
(94, 1, 37, '2026-02-26 05:40:06', '2026-03-24 05:40:06', 'REJECTED', 69, '2026-02-25 05:40:06'),
(95, 1, 28, '2026-03-02 14:36:55', '2026-03-28 14:36:55', 'PENDING', NULL, NULL),
(96, 1, 11, '2026-03-10 11:34:43', '2026-03-16 11:34:43', 'PENDING', NULL, NULL),
(97, 1, 91, '2026-01-28 19:56:12', '2026-02-02 19:56:12', 'REJECTED', 54, '2026-01-25 19:56:12'),
(98, 1, 15, '2026-03-09 17:04:51', '2026-03-28 17:04:51', 'PENDING', NULL, NULL),
(99, 1, 50, '2026-02-11 00:08:37', '2026-02-20 00:08:37', 'REJECTED', 66, '2026-02-09 00:08:37'),
(100, 1, 2, '2026-03-02 00:35:26', '2026-03-14 00:35:26', 'PENDING', NULL, NULL),
(101, 1, 2, '2026-03-01 10:20:32', '2026-03-19 10:20:32', 'ACCEPTED', 67, '2026-02-25 10:20:32'),
(102, 1, 98, '2026-03-17 12:53:32', '2026-04-13 12:53:32', 'REJECTED', 66, '2026-03-16 12:53:32'),
(103, 1, 101, '2026-02-10 19:54:28', '2026-02-27 19:54:28', 'PENDING', NULL, NULL),
(104, 1, 25, '2026-03-16 08:42:11', '2026-03-22 08:42:11', 'PENDING', NULL, NULL),
(105, 1, 133, '2026-03-06 04:06:57', '2026-03-18 04:06:57', 'ACCEPTED', 66, '2026-03-01 04:06:57'),
(106, 1, 115, '2026-03-02 10:17:31', '2026-03-18 10:17:31', 'REJECTED', 57, '2026-02-28 10:17:31'),
(107, 1, 47, '2026-03-11 14:04:56', '2026-03-21 14:04:56', 'REJECTED', 65, '2026-03-08 14:04:56'),
(108, 1, 91, '2026-03-15 10:57:15', '2026-03-21 10:57:15', 'ACCEPTED', 57, '2026-03-12 10:57:15'),
(109, 1, 114, '2026-02-17 18:59:01', '2026-03-12 18:59:01', 'ACCEPTED', 61, '2026-02-13 18:59:01'),
(110, 1, 16, '2026-02-02 06:09:52', '2026-02-15 06:09:52', 'PENDING', NULL, NULL),
(111, 1, 97, '2026-02-18 00:27:05', '2026-03-08 00:27:05', 'REJECTED', 55, '2026-02-15 00:27:05'),
(112, 1, 105, '2026-03-04 01:45:27', '2026-03-22 01:45:27', 'PENDING', NULL, NULL),
(113, 1, 104, '2026-02-28 00:13:59', '2026-03-18 00:13:59', 'ACCEPTED', 70, '2026-02-25 00:13:59'),
(114, 1, 76, '2026-01-25 08:10:42', '2026-02-22 08:10:42', 'PENDING', NULL, NULL),
(115, 1, 140, '2026-03-08 06:05:24', '2026-04-02 06:05:24', 'PENDING', NULL, NULL),
(116, 1, 24, '2026-02-09 21:42:01', '2026-03-03 21:42:01', 'PENDING', NULL, NULL),
(117, 1, 31, '2026-03-16 15:05:07', '2026-03-24 15:05:07', 'ACCEPTED', 57, '2026-03-15 15:05:07'),
(118, 1, 95, '2026-02-22 03:26:57', '2026-03-06 03:26:57', 'ACCEPTED', 63, '2026-02-20 03:26:57'),
(119, 1, 119, '2026-03-09 14:21:52', '2026-04-01 14:21:52', 'ACCEPTED', 51, '2026-03-04 14:21:52'),
(120, 1, 112, '2026-02-24 10:21:27', '2026-03-10 10:21:27', 'ACCEPTED', 52, '2026-02-22 10:21:27'),
(121, 1, 128, '2026-01-26 01:23:02', '2026-02-18 01:23:02', 'ACCEPTED', 62, '2026-01-24 01:23:02'),
(122, 1, 21, '2026-02-08 20:21:50', '2026-02-20 20:21:50', 'ACCEPTED', 60, '2026-02-05 20:21:50'),
(123, 1, 121, '2026-02-16 08:20:42', '2026-03-04 08:20:42', 'PENDING', NULL, NULL),
(124, 1, 80, '2026-03-16 19:46:07', '2026-04-05 19:46:07', 'PENDING', NULL, NULL),
(125, 1, 142, '2026-01-20 19:01:17', '2026-02-16 19:01:17', 'ACCEPTED', 57, '2026-01-15 19:01:17'),
(126, 1, 111, '2026-02-21 02:39:29', '2026-03-03 02:39:29', 'PENDING', NULL, NULL),
(127, 1, 129, '2026-01-22 21:47:34', '2026-02-13 21:47:34', 'ACCEPTED', 51, '2026-01-20 21:47:34'),
(128, 1, 36, '2026-02-07 22:17:46', '2026-03-09 22:17:46', 'ACCEPTED', 65, '2026-02-03 22:17:46'),
(129, 1, 119, '2026-01-20 05:20:50', '2026-02-08 05:20:50', 'PENDING', NULL, NULL),
(130, 1, 133, '2026-03-18 15:32:56', '2026-04-15 15:32:56', 'ACCEPTED', 70, '2026-03-15 15:32:56'),
(131, 1, 108, '2026-01-27 06:25:09', '2026-02-09 06:25:09', 'REJECTED', NULL, '2026-01-27 06:25:09'),
(132, 1, 145, '2026-02-16 16:50:59', '2026-03-13 16:50:59', 'PENDING', NULL, NULL),
(133, 1, 131, '2026-02-02 06:51:55', '2026-02-21 06:51:55', 'ACCEPTED', 53, '2026-01-31 06:51:55'),
(134, 1, 26, '2026-02-15 22:08:51', '2026-02-21 22:08:51', 'PENDING', NULL, NULL),
(135, 1, 79, '2026-01-25 13:28:32', '2026-02-23 13:28:32', 'PENDING', NULL, NULL),
(136, 1, 49, '2026-02-15 07:29:42', '2026-03-01 07:29:42', 'REJECTED', 54, '2026-02-14 07:29:42'),
(137, 1, 126, '2026-02-05 05:26:45', '2026-03-01 05:26:45', 'PENDING', NULL, NULL),
(138, 1, 89, '2026-02-07 17:16:46', '2026-02-23 17:16:46', 'PENDING', NULL, NULL),
(139, 1, 121, '2026-03-06 13:56:00', '2026-03-16 13:56:00', 'REJECTED', NULL, '2026-03-07 13:56:00'),
(140, 1, 36, '2026-03-16 04:22:42', '2026-04-03 04:22:42', 'REJECTED', 66, '2026-03-15 04:22:42'),
(141, 1, 28, '2026-03-06 17:33:13', '2026-03-16 17:33:13', 'ACCEPTED', 70, '2026-03-05 17:33:13'),
(142, 1, 78, '2026-02-04 03:45:41', '2026-02-15 03:45:41', 'REJECTED', NULL, '2026-02-04 03:45:41'),
(143, 1, 112, '2026-02-11 05:08:05', '2026-03-03 05:08:05', 'REJECTED', NULL, '2026-02-11 05:08:05'),
(144, 1, 93, '2026-03-04 08:41:49', '2026-03-12 08:41:49', 'PENDING', NULL, NULL),
(145, 1, 132, '2026-02-06 22:36:45', '2026-03-01 22:36:45', 'REJECTED', 63, '2026-02-05 22:36:45'),
(146, 1, 4, '2026-01-18 07:55:25', '2026-02-05 07:55:25', 'ACCEPTED', 58, '2026-01-17 07:55:25'),
(147, 1, 21, '2026-02-02 20:29:20', '2026-02-14 20:29:20', 'ACCEPTED', 57, '2026-01-29 20:29:20'),
(148, 1, 79, '2026-03-01 17:55:56', '2026-03-06 17:55:56', 'ACCEPTED', 58, '2026-02-27 17:55:56'),
(149, 1, 128, '2026-03-05 02:50:23', '2026-03-28 02:50:23', 'ACCEPTED', 62, '2026-03-02 02:50:23'),
(150, 1, 106, '2026-03-07 17:17:12', '2026-03-24 17:17:12', 'PENDING', NULL, NULL),
(151, 1, 144, '2026-02-12 19:23:27', '2026-03-10 19:23:27', 'ACCEPTED', 56, '2026-02-07 19:23:27'),
(152, 1, 17, '2026-01-28 02:38:28', '2026-02-10 02:38:28', 'ACCEPTED', 57, '2026-01-24 02:38:28'),
(153, 1, 121, '2026-02-28 01:14:19', '2026-03-07 01:14:19', 'ACCEPTED', 58, '2026-02-26 01:14:19'),
(154, 1, 21, '2026-03-06 11:23:32', '2026-03-30 11:23:32', 'ACCEPTED', 67, '2026-03-02 11:23:32'),
(155, 1, 139, '2026-02-25 15:41:29', '2026-03-20 15:41:29', 'REJECTED', 55, '2026-02-24 15:41:29'),
(156, 1, 131, '2026-02-13 06:26:42', '2026-03-12 06:26:42', 'PENDING', NULL, NULL),
(157, 1, 120, '2026-02-23 10:10:25', '2026-03-14 10:10:25', 'ACCEPTED', 51, '2026-02-20 10:10:25'),
(158, 1, 120, '2026-01-23 21:53:37', '2026-02-07 21:53:37', 'REJECTED', 70, '2026-01-21 21:53:37'),
(159, 1, 106, '2026-01-29 10:11:42', '2026-02-05 10:11:42', 'REJECTED', NULL, '2026-01-29 10:11:42'),
(160, 1, 115, '2026-01-31 07:51:38', '2026-02-09 07:51:38', 'REJECTED', NULL, '2026-02-01 07:51:38'),
(161, 1, 71, '2026-02-07 01:56:48', '2026-02-17 01:56:48', 'ACCEPTED', 61, '2026-02-03 01:56:48'),
(162, 1, 76, '2026-03-18 03:58:00', '2026-03-30 03:58:00', 'REJECTED', NULL, '2026-03-18 03:58:00'),
(163, 1, 92, '2026-03-15 06:47:11', '2026-04-01 06:47:11', 'REJECTED', 61, '2026-03-13 06:47:11'),
(164, 1, 33, '2026-01-21 13:43:10', '2026-02-19 13:43:10', 'REJECTED', 55, '2026-01-19 13:43:10'),
(165, 1, 123, '2026-02-08 10:43:34', '2026-02-24 10:43:34', 'REJECTED', 68, '2026-02-05 10:43:34'),
(166, 1, 143, '2026-03-12 07:21:36', '2026-04-05 07:21:36', 'ACCEPTED', 56, '2026-03-11 07:21:36'),
(167, 1, 73, '2026-02-07 09:02:09', '2026-02-26 09:02:09', 'REJECTED', NULL, '2026-02-07 09:02:09'),
(168, 1, 93, '2026-03-13 21:29:13', '2026-03-26 21:29:13', 'ACCEPTED', 69, '2026-03-12 21:29:13'),
(169, 1, 9, '2026-03-09 12:56:49', '2026-03-23 12:56:49', 'PENDING', NULL, NULL),
(170, 1, 130, '2026-03-07 01:32:49', '2026-03-12 01:32:49', 'REJECTED', 66, '2026-03-06 01:32:49'),
(171, 1, 131, '2026-02-18 06:15:35', '2026-03-14 06:15:35', 'REJECTED', 59, '2026-02-15 06:15:35'),
(172, 1, 131, '2026-02-17 19:45:42', '2026-03-05 19:45:42', 'ACCEPTED', 66, '2026-02-15 19:45:42'),
(173, 1, 26, '2026-01-30 08:58:05', '2026-02-07 08:58:05', 'PENDING', NULL, NULL),
(174, 1, 24, '2026-03-14 10:27:27', '2026-04-13 10:27:27', 'ACCEPTED', 56, '2026-03-12 10:27:27'),
(175, 1, 127, '2026-02-19 21:08:38', '2026-02-26 21:08:38', 'ACCEPTED', 57, '2026-02-15 21:08:38'),
(176, 1, 27, '2026-02-04 04:40:53', '2026-03-02 04:40:53', 'PENDING', NULL, NULL),
(177, 1, 143, '2026-03-18 22:30:54', '2026-03-23 22:30:54', 'REJECTED', 52, '2026-03-15 22:30:54'),
(178, 1, 105, '2026-02-19 09:54:55', '2026-02-24 09:54:55', 'REJECTED', 52, '2026-02-18 09:54:55'),
(179, 1, 31, '2026-02-28 07:43:55', '2026-03-20 07:43:55', 'ACCEPTED', 70, '2026-02-24 07:43:55'),
(180, 1, 5, '2026-02-07 21:07:15', '2026-02-20 21:07:15', 'ACCEPTED', 66, '2026-02-02 21:07:15'),
(181, 1, 50, '2026-03-11 07:55:53', '2026-03-24 07:55:53', 'REJECTED', NULL, '2026-03-13 07:55:53'),
(182, 1, 43, '2026-01-20 07:23:12', '2026-02-10 07:23:12', 'PENDING', NULL, NULL),
(183, 1, 134, '2026-03-16 13:40:31', '2026-04-02 13:40:31', 'ACCEPTED', 57, '2026-03-11 13:40:31'),
(184, 1, 14, '2026-03-07 06:14:20', '2026-04-03 06:14:20', 'ACCEPTED', 67, '2026-03-05 06:14:20'),
(185, 1, 43, '2026-03-06 05:26:43', '2026-03-27 05:26:43', 'ACCEPTED', 69, '2026-03-02 05:26:43'),
(186, 1, 106, '2026-02-20 00:14:24', '2026-03-02 00:14:24', 'ACCEPTED', 60, '2026-02-16 00:14:24'),
(187, 1, 45, '2026-02-10 17:16:22', '2026-03-03 17:16:22', 'ACCEPTED', 58, '2026-02-09 17:16:22'),
(188, 1, 47, '2026-02-14 01:28:05', '2026-02-25 01:28:05', 'ACCEPTED', 68, '2026-02-13 01:28:05'),
(189, 1, 101, '2026-03-12 18:23:57', '2026-04-02 18:23:57', 'ACCEPTED', 63, '2026-03-09 18:23:57'),
(190, 1, 122, '2026-02-25 14:19:50', '2026-03-06 14:19:50', 'PENDING', NULL, NULL),
(191, 1, 17, '2026-02-03 04:11:27', '2026-03-02 04:11:27', 'PENDING', NULL, NULL),
(192, 1, 75, '2026-01-23 10:38:05', '2026-02-06 10:38:05', 'REJECTED', 56, '2026-01-21 10:38:05'),
(193, 1, 112, '2026-03-04 15:28:20', '2026-03-31 15:28:20', 'REJECTED', 62, '2026-03-03 15:28:20'),
(194, 1, 100, '2026-02-18 07:43:49', '2026-03-13 07:43:49', 'PENDING', NULL, NULL),
(195, 1, 7, '2026-01-24 00:13:35', '2026-02-23 00:13:35', 'REJECTED', NULL, '2026-01-25 00:13:35'),
(196, 1, 32, '2026-01-25 09:46:49', '2026-02-22 09:46:49', 'PENDING', NULL, NULL),
(197, 1, 120, '2026-03-17 03:26:12', '2026-04-11 03:26:12', 'REJECTED', 62, '2026-03-16 03:26:12'),
(198, 1, 103, '2026-01-31 21:58:48', '2026-02-19 21:58:48', 'PENDING', NULL, NULL),
(199, 1, 47, '2026-01-23 13:23:04', '2026-02-03 13:23:04', 'REJECTED', 56, '2026-01-20 13:23:04'),
(200, 1, 76, '2026-03-13 10:12:51', '2026-04-07 10:12:51', 'REJECTED', 63, '2026-03-12 10:12:51');

-- Storage Reservations
INSERT INTO storage_reservation (reservation_id, request_id, party_id, shelf_id, reserved_weight, reserved_volume, reserved_from, reserved_until, status) VALUES
(3, 12, 83, 15, 876.72, 4.61, '2026-02-23 17:07:47', '2026-03-01 17:07:47', 'ACTIVE'),
(9, 35, 128, 9, 132.92, 9.96, '2026-03-03 10:15:46', '2026-03-27 10:15:46', 'PENDING'),
(10, 40, 30, 9, 961.83, 7.22, '2026-01-24 06:54:07', '2026-02-23 06:54:07', 'PENDING'),
(13, 52, 99, 10, 723.61, 6.16, '2026-03-03 01:05:57', '2026-03-29 01:05:57', 'EXPIRED'),
(14, 54, 126, 14, 897.45, 1.65, '2026-03-12 17:48:15', '2026-04-07 17:48:15', 'CANCELLED'),
(17, 67, 107, 9, 216.15, 4.13, '2026-02-02 09:32:04', '2026-02-23 09:32:04', 'PENDING'),
(18, 69, 40, 10, 915.6, 6.49, '2026-01-28 07:01:47', '2026-02-17 07:01:47', 'PENDING'),
(21, 75, 141, 5, 593.52, 3.61, '2026-02-01 06:41:29', '2026-02-13 06:41:29', 'ACTIVE'),
(22, 79, 18, 12, 583.98, 8.94, '2026-03-06 22:52:35', '2026-04-05 22:52:35', 'PENDING'),
(28, 90, 141, 1, 873.5, 4.26, '2026-03-16 05:23:04', '2026-04-14 05:23:04', 'CANCELLED'),
(37, 119, 119, 9, 201.01, 4.91, '2026-03-09 14:21:52', '2026-04-01 14:21:52', 'EXPIRED'),
(39, 121, 128, 5, 349.57, 6.75, '2026-01-26 01:23:02', '2026-02-18 01:23:02', 'ACTIVE'),
(44, 130, 133, 11, 708.14, 1.95, '2026-03-18 15:32:56', '2026-04-15 15:32:56', 'ACTIVE'),
(45, 133, 131, 3, 429.92, 6.87, '2026-02-02 06:51:55', '2026-02-21 06:51:55', 'ACTIVE'),
(46, 141, 28, 7, 249.02, 6.32, '2026-03-06 17:33:13', '2026-03-16 17:33:13', 'EXPIRED'),
(49, 148, 79, 9, 768.61, 2.7, '2026-03-01 17:55:56', '2026-03-06 17:55:56', 'CANCELLED'),
(52, 152, 17, 9, 148.51, 9.87, '2026-01-28 02:38:28', '2026-02-10 02:38:28', 'PENDING'),
(53, 153, 121, 10, 461.06, 9.25, '2026-02-28 01:14:19', '2026-03-07 01:14:19', 'CANCELLED'),
(58, 168, 93, 7, 318.32, 9.46, '2026-03-13 21:29:13', '2026-03-26 21:29:13', 'ACTIVE'),
(64, 183, 134, 1, 173.86, 1.08, '2026-03-16 13:40:31', '2026-04-02 13:40:31', 'CANCELLED'),
(66, 185, 43, 12, 524.06, 7.67, '2026-03-06 05:26:43', '2026-03-27 05:26:43', 'CANCELLED'),
(69, 188, 47, 4, 591.75, 2.06, '2026-02-14 01:28:05', '2026-02-25 01:28:05', 'PENDING');

-- Storage Records
INSERT INTO storage_record (storage_record_id, request_id, party_id, shelf_id, actual_entry_date, actual_exit_date, cargo_description, cargo_weight, cargo_volume) VALUES
(1, 12, 83, 15, '2026-02-23 17:07:47', '2026-02-27 17:07:47', 'Close their generation under price.', 852.13, 7.84),
(2, 35, 128, 9, '2026-03-03 10:15:46', '2026-03-13 10:15:46', 'Guess training manager human down.', 809.68, 1.2),
(3, 40, 30, 9, '2026-01-24 06:54:07', '2026-01-27 06:54:07', 'Should design no.', 774.86, 5.64),
(4, 52, 99, 10, '2026-03-03 01:05:57', NULL, 'Live economy science.', 921.94, 6.29),
(5, 54, 126, 14, '2026-03-12 17:48:15', NULL, 'Local discussion.', 583.95, 1.05),
(6, 67, 107, 9, '2026-02-02 09:32:04', NULL, 'Opportunity possible public officer help.', 319.51, 9.14),
(7, 69, 40, 10, '2026-01-28 07:01:47', '2026-01-29 07:01:47', 'Nothing several whatever.', 498.36, 4.88),
(8, 75, 141, 5, '2026-02-01 06:41:29', '2026-02-09 06:41:29', 'Do star Republican.', 421.19, 8.82),
(9, 79, 18, 12, '2026-03-06 22:52:35', NULL, 'Natural happy figure full.', 830.55, 5.33),
(10, 90, 141, 1, '2026-03-16 05:23:04', NULL, 'Country measure thank.', 100.51, 5.22),
(11, 119, 119, 9, '2026-03-09 14:21:52', '2026-03-12 14:21:52', 'Response leader need computer hear.', 811.79, 1.46),
(12, 121, 128, 5, '2026-01-26 01:23:02', NULL, 'There save hair.', 337.65, 2.82),
(13, 130, 133, 11, '2026-03-18 15:32:56', '2026-03-28 15:32:56', 'Relationship director election attack.', 151.41, 9.39),
(14, 133, 131, 3, '2026-02-02 06:51:55', '2026-02-05 06:51:55', 'Western former watch.', 953.51, 6.41),
(15, 141, 28, 7, '2026-03-06 17:33:13', '2026-03-15 17:33:13', 'Full country.', 563.58, 3.49),
(16, 148, 79, 9, '2026-03-01 17:55:56', NULL, 'Land pattern wish try.', 999.29, 2.37),
(17, 152, 17, 9, '2026-01-28 02:38:28', NULL, 'Maybe space just somebody special.', 207.52, 8.52),
(18, 153, 121, 10, '2026-02-28 01:14:19', '2026-03-03 01:14:19', 'Natural cause occur admit cost.', 188.9, 4.68),
(19, 168, 93, 7, '2026-03-13 21:29:13', '2026-03-14 21:29:13', 'Spring really not.', 744.32, 4.78),
(20, 183, 134, 1, '2026-03-16 13:40:31', '2026-03-25 13:40:31', 'Capital less really firm left.', 260.69, 1.71),
(21, 185, 43, 12, '2026-03-06 05:26:43', NULL, 'Matter pass this people.', 964.15, 5.74),
(22, 188, 47, 4, '2026-02-14 01:28:05', NULL, 'Air skill end certainly.', 879.57, 5.62);

-- Cargo Event History
INSERT INTO cargo_event_history (event_id, party_id, storage_record_id, event_type_id, event_time, details) VALUES
(1, 67, 1, 1, '2026-02-01 07:14:49', '{"note": "Upon month science result we speech movement.", "performed_by": "Felicia Tucker", "location": "recent"}'::jsonb),
(2, 58, 2, 2, '2026-01-20 22:05:20', '{"note": "Boy sea ability room dog affect.", "performed_by": "Ms. Angela Castaneda", "location": "director"}'::jsonb),
(3, 51, 3, 3, '2026-01-18 06:44:42', '{"note": "Food life learn develop heavy onto room.", "performed_by": "Steven Reed", "location": "final"}'::jsonb),
(4, 69, 4, 4, '2026-01-24 11:15:38', '{"note": "Media control now use put gas their.", "performed_by": "Joseph Roberts", "location": "second"}'::jsonb);

-- Payments
INSERT INTO payment (payment_id, storage_record_id, party_id, amount, currency, status, payment_date, external_reference) VALUES
(1, 1, 101, 1305.84, 'PLN', 'FAILED', '2026-02-15 18:59:31', 'PAY-20260217-0001'),
(2, 2, 45, 1292.86, 'EUR', 'FAILED', '2026-02-09 07:24:48', 'PAY-20260217-0002'),
(3, 3, 20, 591.04, 'EUR', 'PENDING', NULL, 'PAY-20260217-0003'),
(4, 4, 115, 1622.65, 'USD', 'PENDING', NULL, 'PAY-20260217-0004'),
(5, 5, 42, 1075.76, 'EUR', 'FAILED', '2026-02-14 16:09:51', 'PAY-20260217-0005'),
(6, 6, 79, 1898.87, 'PLN', 'CANCELLED', '2026-02-04 13:50:53', 'PAY-20260217-0006'),
(7, 7, 85, 908.55, 'PLN', 'FAILED', '2026-01-21 20:04:35', 'PAY-20260217-0007'),
(8, 8, 141, 1111.75, 'EUR', 'PENDING', NULL, 'PAY-20260217-0008'),
(9, 9, 88, 1595.17, 'PLN', 'PAID', '2026-02-11 12:12:21', 'PAY-20260217-0009'),
(10, 10, 20, 1082.55, 'PLN', 'PAID', '2026-02-09 20:49:34', 'PAY-20260217-0010'),
(11, 11, 138, 1967.97, 'PLN', 'PENDING', NULL, 'PAY-20260217-0011'),
(12, 12, 25, 1169.48, 'PLN', 'PENDING', NULL, 'PAY-20260217-0012'),
(13, 13, 95, 1165.75, 'PLN', 'FAILED', '2026-02-13 08:37:41', 'PAY-20260217-0013'),
(14, 14, 144, 1370.44, 'EUR', 'FAILED', '2026-01-18 12:09:28', 'PAY-20260217-0014'),
(15, 15, 72, 1047.19, 'USD', 'PAID', '2026-01-19 05:00:51', 'PAY-20260217-0015'),
(16, 16, 83, 1507.37, 'PLN', 'CANCELLED', '2026-01-19 06:02:24', 'PAY-20260217-0016'),
(17, 17, 36, 1341.97, 'PLN', 'PENDING', NULL, 'PAY-20260217-0017'),
(18, 18, 75, 725.29, 'PLN', 'PAID', '2026-01-21 17:52:06', 'PAY-20260217-0018'),
(19, 19, 41, 1958.08, 'USD', 'PENDING', NULL, 'PAY-20260217-0019'),
(20, 20, 133, 1236.64, 'USD', 'CANCELLED', '2026-02-06 00:56:06', 'PAY-20260217-0020'),
(21, 21, 144, 771.71, 'USD', 'CANCELLED', '2026-01-20 02:01:36', 'PAY-20260217-0021'),
(22, 22, 46, 1452.85, 'EUR', 'PENDING', NULL, 'PAY-20260217-0022'),
(23, 1, 84, 999.19, 'USD', 'CANCELLED', '2026-02-12 04:12:56', 'PAY-20260217-0023'),
(24, 2, 133, 1256.92, 'EUR', 'FAILED', '2026-02-02 19:31:22', 'PAY-20260217-0024'),
(25, 3, 136, 660.35, 'USD', 'PAID', '2026-01-19 16:58:45', 'PAY-20260217-0025'),
(26, 4, 97, 977.75, 'EUR', 'FAILED', '2026-02-06 10:05:21', 'PAY-20260217-0026'),
(27, 5, 118, 1915.67, 'USD', 'FAILED', '2026-02-04 03:12:18', 'PAY-20260217-0027'),
(28, 6, 29, 1570.52, 'PLN', 'PENDING', NULL, 'PAY-20260217-0028'),
(29, 7, 80, 1957.04, 'PLN', 'PAID', '2026-01-26 10:32:10', 'PAY-20260217-0029'),
(30, 8, 125, 1683.08, 'PLN', 'CANCELLED', '2026-01-23 20:38:04', 'PAY-20260217-0030'),
(31, 9, 42, 1929.4, 'USD', 'CANCELLED', '2026-01-21 13:10:40', 'PAY-20260217-0031'),
(32, 10, 21, 1706.93, 'USD', 'PENDING', NULL, 'PAY-20260217-0032'),
(33, 11, 49, 1860.91, 'PLN', 'FAILED', '2026-01-23 03:23:10', 'PAY-20260217-0033'),
(34, 12, 22, 731.06, 'USD', 'CANCELLED', '2026-01-25 05:42:11', 'PAY-20260217-0034'),
(35, 13, 22, 1956.86, 'PLN', 'FAILED', '2026-02-08 21:19:37', 'PAY-20260217-0035'),
(36, 14, 139, 1634.3, 'USD', 'CANCELLED', '2026-02-13 22:43:49', 'PAY-20260217-0036'),
(37, 15, 96, 592.07, 'PLN', 'PAID', '2026-02-10 14:34:03', 'PAY-20260217-0037'),
(38, 16, 144, 1874.57, 'PLN', 'PENDING', NULL, 'PAY-20260217-0038'),
(39, 17, 31, 511.1, 'EUR', 'CANCELLED', '2026-01-24 04:00:24', 'PAY-20260217-0039'),
(40, 18, 130, 903.38, 'PLN', 'PAID', '2026-02-01 13:04:40', 'PAY-20260217-0040');